日期,时间,年份,月份,国家,省市,地点,姓名,性别,身份证号,手机号,座机号/传真,政治面貌,民族,学历,专业,公司,职位,uuid,邮箱,哈希值,域名,ipv4地址,ipv6地址,mac地址,url,用户名,车牌号,信用卡号,银行名称,组织机构代码,统一社会信用代码,机关单位,医院,学校,港澳通行证号,台湾通行证号,永久居住证号,中国护照,税务登记证号,医师资格证书编号,医师执业证书编号,营业执照,车辆识别代号,公积金号,开户许可证号,银行卡号,军官证号,道路运输经营许可证号,军密认证号,药品名称,药品分类,药品规格,药品用途,药品用法,药品用量,手术类型,手术名称,科室名称,科室介绍,医疗设备,医生职称,检查指标,项目名称,项目描述,耗材名称,疾病名称,手术部位,手术器械名称,付费方式,状况状态,婚姻状况,就业状态,宗教信仰,麻醉方式,麻醉效果,血型,药物状态,分娩方式,乳房检查,胎方位,检查检验结果,病症描述,医嘱内容
二零一二年四月四日,20:52:01,2015年,九月,Russian Federation,江西,海南省通辽市璧山刘路7638号,张华,M,150924198904055522,86 18778716898,0350-1118-952,群众,汉族,网络教育,政治学、经济学与哲学,七喜传媒有限公司,医药招商,78f915a0-e01d-4f2d-a23a-2442021a9100,maxia@189.org,0113b171e8f569c3168c714fa1f145fcb0a162bd,cuiyuan.net,149.179.5.174,957d:662b:94f:d716:10d5:2bd6:9c13:7703,54:c6:82:7c:04:2a,https://www.lili.cn/,wangyu,WJ川1415S,6584728084742383,中信银行,27773172-X,92140403967555137U,社科院,中南大学湘雅医院,黑龙江财经学院,P0108856421,T27081864,PMS769108579718,E97943420,4308118KKKP4MP8,201365254360622007373004800,142450304972644,410900100014070,LEWWDB332KN231347,107230536209,J6552942843238,6212798660952250368,济字第9131496号,赣交运管许可铅字362324092986号,军密认字第5123号,利托那韦/利巴韦林,处方药,片剂,治疗艾滋病毒感染，控制病情进展,口服,成人：每日2次，每次2片，至少应在餐后或零餐时服用。 ,眼科手术,玻璃体切除术,肛肠科,主要治疗肛肠疾病，如痔疮、肛裂、直肠炎等,肛肠镜、肛门指诊器、离子补钙仪等,主任医师、副主任医师、医师,氯（CL）,抗胃蛋白抗体测定,抗胃蛋白抗体测定是一种用于检测抗胃蛋白抗体的医学检测方法。,一次性手套,腰椎间盘突出,腹部,剪刀、口钳、吸唇器,保险,有,未婚,自雇,佛教,局部麻醉,轻度疼痛,B型,已开封,剖腹产,乳腺X线摄影,臀先露,C-反应蛋白升高,胸闷,改变生活习惯、调整饮食等，视具体情况进行药物治疗。
06月25日,1977-06-25 04:52:37,一九九一年,一月,加拿大,江西省,云南省荆门县沙湾邵街,吴健,m,320100198803284606,+8615227860702,0395 6236 195,党员,苗族,硕士研究生,广告学,浦华众城科技有限公司,客户主管,6c96004d-c85a-11ed-aaa0-f4b5204be593,yan04@outlook.com,935b68fa7721897a0e7bd1cf799b1114,60.cn,184.163.230.88,d221:3df7:ab62:83c8:5e0c:5db8:5b59:aa43,4e:2d:10:1f:64:ea,https://placeimg.com/562/377/any,chenwei,京W-F5MB1,4655300103894766,江南农村商业银行,67157431-2,5244120226JCBGEM5J,机构编制委员会办公室,无锡市北塘区北大街街道社区卫生服务中心,济南高新区彩虹湖小学,U0758874351,T61810948,MZN436826096510,P59081907,230606TH95DGL10,200511660411381001148694528,147540325444092,410900100013647,LEWWDB332KN231784,120810259209,L4510407797169,4336719751518960128,沈字第3996016号,粤交运管许可佛字440602307517号,军密认字第3518号,蒙脱石散,非处方药,颗粒,缓解腹泻、腹痛等症状,口服,每日1-3次，每次3-6g。,眼科手术,角膜移植手术,神经内科,主要进行神经系统疾病的诊治，如癫痫、帕金森氏症等,神经电图仪、颅脑CT检查仪、核磁共振检查仪等,主任医师、副主任医师、医师、技师、护士,抗核抗体（ANA）,胆囊超声,使用超声波探查胆囊，了解胆囊结构和异常情况,止痛片,甲状腺功能亢进,全身,器械盘、注射器、麻醉机,保险,有,离异,实习,东正教,局部麻醉,中度疼痛,B型,已开封,产钳助产,乳房超声,横位,血脂异常,不明原因的体重下降,控制饮食、规律运动、注射或口服降糖药物及胰岛素等。
2010/9/11,23时28分38秒,二零一七年,4月,摩尔多瓦,青海海南藏族自治州,江西省景德镇市昌江区鲇鱼山镇鱼山,赖莉,女,410725500219709,13853934164,0771-4082-155,中共党员,汉族,函授,信息资源管理,易动力信息有限公司,熟食加工,70259326-c85a-11ed-9e50-f4b5204be593,echeng@aliyun.com.com,2d5a51e5ce891c456272f773a0790f275cdc46a193c4ce9384ffd09cedff41f5,fw.cn,53.198.172.105,330d:2b92:1908:c2c3:5aa5:5a25:92ca:85e8,a7:3a:9f:aa:b4:1c,http://yu.cn/,ll,WJ闽8668J,3592391422744731,徽商银行,DW6EQ483-3,92120117824915588H,沧州市共青团,葫芦岛市中心医院,临朐县龙山高新技术产业园吴家辛兴小学,E3066207488,T24291670,XXN124637042768,E54567661,510216PP0D1LY55,199953897320802998256926720,144530500378122,410900100013440,LEWWDB332KN231258,187975533209,J1610193305253,4910386383223530496,北字第2587643号,粤交运管许可开字440783512452号,军密认字第0284号,瑞格列奈,处方药,片剂,治疗糖尿病等疾病,口服,成人：起始剂量为每日1次500mg，随后加至每日2次1000mg。,整形手术,面部吸脂瘦脸术,中西医结合科,综合运用中西医诊疗手段进行治疗和康复，如针灸推拿治疗、中药治疗等,中药饮片配药机、耳针治疗仪、草药熏蒸器等,主任医师、医师、技师、护士,促甲状腺激素（TSH）,血糖检查,检查血液中的糖分含量，了解患者糖尿病情况,麻醉机,膝盖关节炎,下肢,导管、切针、手术钳,保险,中度症状,已婚,离职,有神论,局部麻醉,无痛,B型,已开封,产钳助产,乳腺触诊,头先露,C-反应蛋白升高,无症状,制定合理的饮食计划，避免食用高嘌呤食物，如动物内脏、肉类、海鲜等。保持适当的运动量，避免过度劳累。
1976年5月,5月8日16时46分,二零零七,5月,津巴布韦,龙岩,贵州省文县梁平澳门街B座,陈丹丹,Female,330205199303058243,+8618958627934,0313-8629-8970,党员,汉族,普通职业高中,海关检验检疫安全,新宇龙信息传媒有限公司,采购员,08667328-3bf3-4064-9824-531d22d3f3c4,huxiuying@qq.org,be3e259a938c4d7c049bd713a777bda9,yang.cn,161.33.153.229,3804:bb9f:3b3d:c186:28ba:1f61:140d:de98,ec:62:18:01:de:12,https://placeimg.com/981/860/any,lj,赣F 7TPNG,347168933799808,招商银行,MXCXC4D2-8,Y15001089Y5QFG3QXL,商洛市黄埔同学会,芦溪中心卫生院,宁津县第一实验小学,Q3603398272,T56809741,EPE374021655153,P95566460,341500AMTEXNYQ0,201321272210803001770639360,147441225423299,410900100013485,LEWWDB332KN232007,166341597209,L3764551588202,6217359175492480000,参字第0179166号,黑交运管许可富字230206950421号,军密认字第9353号,丙戊酸片,处方药,片剂,治疗帕金森病,口服,每日3次，每次50-100mg。,泌尿外科手术,输尿管镜(RIRS),呼吸内科,主要治疗呼吸系统疾病，如肺气肿、慢性支气管炎、哮喘等,肺功能测试仪、呼吸道抗菌药物、抗过敏药物等,主任医师、副主任医师、医师、护士,纤维蛋白原（Fib）,甲状腺核素显像,甲状腺核素显像是一种注射少量放射性物质来评估甲状腺结构和功能的医学技术。,钳子,脑膜炎,头颈部,手术刀、手术钩、除颤器,公费医疗,确定,未婚,实习,巫教,硬膜外麻醉,轻度疼痛,Rh阳性,已开封,自然分娩,乳腺X线摄影,臀先露,C-反应蛋白升高,食欲减退,避免饮酒、控制饮食、规律生活、进行药物治疗等。
九月二十三日,1980/09/23 04:32:42,1994年,八月,中国,江西,安徽省巢湖市兴山重庆路5534号,程琴,F,220802198005069255,13976821379,0818197377,团员,汉族,专科,陶瓷艺术设计,浦华众城信息有限公司,保险精算师,45f8a2a2-2c5b-4266-8afd-272a91c8649a,leigang@yahoo.net,eb4e4240eecc124969259c01cd579cd94d4c19166211e1f0d716a8e37cb6ae38,zhong.net,190.145.200.229,2b59:a9f6:aec8:373:c2c1:6a2:fa54:80ef,e1:9e:82:4c:9d:3a,https://placekitten.com/139/785,hb,WJ渝0632S,2254841096968827,哈尔滨银行,98189535-7,9315030386439131A9,昭通市黄埔同学会,东风公司总医院,湖北理工学院,H2819835498,T35841184,MGN537107515644,G90649146,640105HKHEFBTM7,200911675452230011361165312,142140423493308,410900100013732,LEWWDB332KN231353,121779803209,J3070144129094,6214571480698600448,海字第0990509号,浙交运管许可龙字330825875297号,军密认字第7188号,莫西沙星,抗菌药,片剂,治疗泌尿系感染、呼吸道感染等,口服,成人：一次0.4-0.8g，每日2次,骨科手术,骨折复位手术,耳鼻喉科,专业治疗耳鼻喉疾病，如中耳炎、鼻窦炎、扁桃体炎等,喉镜、鼻内窥镜、荧光钢丝切割机等,主任医师、医师,平均红细胞体积,彩色多普勒超声,彩色多普勒超声是一种通过超声波来检查人体器官和血管的无创性检查方法。,绳索,骨折,肢体,扩张器、显微镜,公费医疗,恶化,复婚,无业,犹太教,硬膜外麻醉,麻痹,Rh阳性,已开封,自然分娩,乳腺活检,足先露,C-反应蛋白升高,冷汗,避免饮酒、控制饮食、规律生活、进行药物治疗等。
201003,三月五日十四时二十七分五十三秒,2008年,七月,CN,安徽省,新疆吐鲁番地区托克逊县夏乡托台村,徐淑英,F,220800193612139838,15590461870,0513-9350-2709,普通居民,汉族,专科,中国画,飞利信网络有限公司,记者,09c8657a-2ed2-4d65-a5d9-ad8fd6f329d3,kangjun@outlook.org,3a242b1b6eac6cf1a37b7d06e11cd41d17f40c6ef893ae37267b13b57b617ba8,pengxu.cn,45.53.244.168,344a:cdd0:f9fd:4ee0:6edc:305e:859d:8935,63:68:2e:86:d6:7a,http://gang.cn/,gf,青E-01EFL,503898826063,青岛市商业银行,23242248-0,924207033870834361,驻马店党史研究室,湖北医科大学附属第二医院,上海外国语大学贤达经济人文学院,R1094676201,T29008313,LJN525144320486,P93491185,230205EJ416X3CX,199822733421022006329999360,147513332873627,410900100014166,LEWWDB332KN231469,123535089209,J8044807782639,6223220728821319680,后字第8918135号,藏交运管许可错字540530607487号,军密认字第3336号,氯沙坦钾,处方药,片剂,降低血压,口服,成人：通常起始剂量为每天50mg，最大剂量为100mg。,神经外科手术,颅脊界区肿瘤切除术,心理咨询科,主要进行心理评估和心理治疗，如抑郁症、焦虑症、婚姻家庭问题等,心理评估仪器、心理治疗仪器、心理咨询室等,主任医师、心理医师、心理咨询师,免疫球蛋白G（IgG）,放射线检查,对患者进行X光放射线照射，了解骨骼、内脏器官情况,罗氏玻璃,淋巴瘤,淋巴系统,导丝、手术钩、除颤器,保险,未诊断,复婚,退休,多神论,局部麻醉,麻痹,B型,已开封,剖腹产,乳腺活检,足先露,血脂异常,发热,改变生活习惯、调整饮食等，视具体情况进行药物治疗。
二零一八年九月十日,8时43分,一九七零年,4月,Uzbekistan,枣庄市,江西鹰潭市余江县锦江镇黄壁村,张柳,F,370901580626056,86 134-7695-7736,0519-377-8932,团员,汉族,全日制硕士,卫生监督,新宇龙信息科技有限公司,电子工程师,8100e609-c85a-11ed-b6cc-f4b5204be593,wei07@163.org,e53c41e42fc46600ad36c776f6a27eea,pingxiuying.cn,31.230.74.165,cfc0:97f6:e52d:11fe:f7ea:6bf9:72bd:a6a,a1:cb:88:a7:3c:dd,https://placeimg.com/744/437/any,sr,蒙J-U9TAD,4824239082669115065,上海农村商业银行,WFPDX2G9-6,12152631DGYGF03F3E,政策研究室,上海中医药大学附属曙光医院,吐鲁番职业技术学院,G3673566731,T42144175,HSR186221054351,P45676855,3526258D4TKB404,200253806371082993320067072,147451302031448,410900100013281,LEWWDB332KN231319,118543512209,L1453914074877,6200615375082219520,沈字第6263009号,川交运管许可宣字513022539148号,军密认字第7106号,布洛芬,非处方药,片剂,缓解轻度至中度疼痛和发热等,口服,成人：一次1-2片，每日3-4次。,心脏手术,冠状动脉搭桥手术,放射科,主要进行放射性诊疗工作，如X光、CT、核磁共振等检查和治疗,放射检查设备、放射治疗设备、医用防护用品等,主任医师、副主任医师、医师、技师、护士,磷（P）,前列腺特异性抗原测定,前列腺特异性抗原测定是一种用于检测前列腺癌的指标的医学检测方法。,鼻共振管,眼白翳,眼部,手术剪刀、手术钩、口钳,医疗补助,疑似,丧偶,学生,印度教,脊麻醉,重度疼痛,O型,未开封,产钳助产,磁共振成像,斜位,肝功能异常,头痛,忌食刺激性食物、非甘油类泻药，并按照医生嘱咐使用相应药物。
12月10日,2015-12-10 00:15:59,2010,8月,中国,上海市,辽宁抚顺市顺城区将军堡街道八厂社区,徐秀梅,女性,371622196401258401,152-7089-9859,0857570241,群众,汉族,夜大,环境设计,商软冠联科技有限公司,光电子技术,02da7932-a47e-45c1-956e-65a7a3ebd51e,pingxiao@qq.net,859765d6393851184082bbd841b60dc1,sq.cn,193.10.119.209,9dfc:2ba1:d94a:5c45:85f9:c44c:d987:a7de,ae:6f:5f:49:69:dc,https://dummyimage.com/290x389,cj,新C-RQ1UTD,4976278155448984033,成都市商业银行,12213118-0,92110105761586085Q,参事室,中国福利会国际和平妇幼保健院,青海省西宁市南大街小学,R2268270859,T29008281,LPD454048642286,G97905806,422405K6U3RLLW5,200062795230109012433305600,142431028381168,410900100013413,LEWWDB332KN231656,115673963209,L7439253930472,6224962015331210240,南字第3854400号,豫交运管许可罗字413028995678号,军密认字第5192号,氟替卡松,处方药,眼用药,治疗眼部过敏性疾病、眼部炎症等,眼用,轻度至中度疾病：一日1-2次，每次1滴。严重疾病：每日3-4次，每次1-2滴。,耳鼻喉科手术,扁桃体切除术,口腔修复科,主要进行各类口腔牙齿修复，如龋坏填充、根管治疗、牙齿矫正等,全息美容多项功能牙科治疗设备、口腔牙齿修复设备、口腔洁治设备等,主任医师、副主任医师、医师、护士,糖化血红蛋白,肝功能检查,肝功能检查是一种医学检查，用于评估肝脏功能和疾病的指标。,注射器,骨折,肢体,手术剪、导针、电凝器,自费,确诊,离异,学生,锡克教,全身麻醉,中度疼痛,A型,未开封,自然分娩,乳房超声,横位,白细胞计数升高,视力模糊,宜避免接触变态反应源，如花粉、毛发、尘螨等。要嘱患者学会正确使用雾化器和吸入器的方法，保持低盐低脂饮食习惯。
七月一十八日,1998-07-18 14:06,二零一二,11月,Iran,贵阳市,湖北省永安市浔阳孙路,王莹,f,620801200303016555,18249559458,0421 8722 518,民盟盟员,汉族,全日制本科,土地整治工程,浙大万朋科技有限公司,物业设施管理人员,6b214773-c85a-11ed-b0f4-f4b5204be593,jiangna@qq.com,199a9a64b02b98f79def3db50d30922cf846bb0b0e3116d8f38770e7617be508,ou.cn,172.213.72.166,e5b6:f642:a086:2cbe:1aeb:1d57:5b77:19d9,c2:65:fc:9e:b1:35,https://www.gangmin.cn/,zy,苏Z47BJW,3545311334955678,中国光大银行,52488985-9,921411828472515692,金融办,广州华侨医院,山西机电职业技术学院,R0095455095,T01792324,WGW588203821183,E03019727,452528HNENP7RX1,201912531211003012801626112,130511900753238,410900100013552,LEWWDB332KN231712,141212731209,L3713188814714,9400214592656809984,空字第5464767号,湘交运管许可汉字430722704845号,军密认字第6592号,酚妥拉明,非处方药,片剂,缓解发热、头痛、关节痛等,口服,成人：一次1片，每日3次,胃肠外科手术,结肠癌切除术,眼科,专业治疗各种眼科疾病，如近视、弱视、青光眼等,视力检查仪、眼底照相机、激光近视治疗仪等,主任医师、医师,肌酐（Cr）,心脏核磁共振成像,心脏核磁共振成像（MRI）是一种用于检查心脏和血管的非侵入性医学影像检查方法。,手术钳,静脉曲张,下肢,导管、肠镜、C光机,医疗救助,恶化,未婚,学生,灵性主义,表面麻醉,轻度疼痛,AB型,已过期,产瘤助产,乳腺X线摄影,臀先露,肺功能受损,发热,休息、维持水分、按时服药、进行必要的氧气治疗、避免交叉感染等。
2015 10,10月21日18时25分,二零零二年,五月,CN,珠海市,海南省海口市秀英区长流镇长东村,庄阳,男性,522326198504275308,13193284508,0377915196,普通居民,汉族,非全日制小学,绍纳语,华成育卓信息有限公司,团购业务员,06af0127-2b15-454f-8dad-e578b661a3ed,kangping@gmail.com,2ffcff37646ea9445eb0b6bd65636652,gang.cn,150.221.21.143,e8b8:288b:2dd9:69b7:a0c7:ebd3:d396:b635,12:5c:c9:8f:89:bf,https://ok.cn/,hlj,皖S-JHM6K,36546840449698,重庆银行,H4XW3LU5-3,912303074767871361,卫生与健康委员会,上海市黄浦区中心医院,济南市槐荫区张庄小学,B9172346722,T86582077,GWJ374136247518,D70119041,220582JELAD3C61,20163165241100120060918674X,147500114395042,410900100014028,LEWWDB332KN231267,169186151209,L8013173591925,6228243942041589760,空字第1823599号,新交运管许可库字652801050362号,军密认字第8920号,头孢噻肟,处方药,注射剂,治疗肺炎、败血症等细菌感染,静脉注射,剂量因病情而异。,呼吸内科手术,气管切开术,检验科,主要进行临床检验和诊断，如血常规、尿常规、生化检查等,生化分析仪、微生物培养箱、免疫分析仪等,主任医师、医师、技师、护士,促甲状腺激素（TSH）,糖化血红蛋白,检查血液中的糖化血红蛋白含量，评估糖尿病患者血糖平均水平,敷贴包,口腔癌,口腔,显微镜、手术镊子、手术钩,公费医疗,确诊,已婚,退休,摩门教,硬膜外麻醉,无痛,Rh阳性,已开封,自然分娩,乳腺触诊,头先露,血压偏高,疼痛,避免饮酒、控制饮食、规律生活、进行药物治疗等。
九月二十四日,2007-09-24 07:19:35,一九七九年,五月,cn,滨州,内蒙古自治区欣市怀柔赵路,周龙,M,441900193703046642,13554201313,074368685860,普通居民,汉族,全日制博士,核电技术与控制工程,同兴万点科技有限公司,活动执行,08af13d3-1139-4d6d-b11d-f5c730427c6e,tao28@139.net,2c3652f4bda65ca68de303948f8ab134,sun.net,66.218.203.159,5a73:5f0e:1181:996a:288f:b14c:8ae3:2539,62:27:d7:11:e0:4c,https://placekitten.com/506/798,wangguizhen,冀M-KU26X,180092092298552,荷兰银行,DR7K6431-5,92620524783759944K,云南省人防办,海鹰企业集团有限责任公司卫生所,南充职业技术学院,L2956405011,T49755132,KQZ588908417530,G94313165,150123HKUUH8A58,200250656140800993196507136,144210903516399,410900100013523,LEWWDB332KN231827,120053744209,J7386686484058,6229182396914419712,参字第6711085号,皖交运管许可鸠字340207947092号,军密认字第4776号,盐酸伐昔洛韦,处方药,片剂,治疗疱疹、带状疱疹等疾病,口服,成人：一次0.25g，每日3次,骨科手术,骨折复位术,内分泌科,专门治疗内分泌疾病，如糖尿病、甲状腺疾病等,血糖监测仪、甲硫氨酸测量仪、甲状腺扫描仪等,主任医师、副主任医师、医师、护士,胆红素,血型鉴定,血型鉴定是一种检测血液中不同类型的红细胞抗原和血型的医学检查方法。,镀金手术刀,肺动脉高压,心肺系统,除颤器、电凝器、C光机,自费和医保结合,有,丧偶,无业,不可知论,静脉麻醉,重度疼痛,Rh阴性,已过期,产钳助产,磁共振成像,斜位,肺功能受损,胸闷,禁烟酒，控制饮食，定期复查，严格按医生嘱咐服药，规律的有氧运动等。
12月25日,1985-12-25 00:11,一九八五,January,中华人民共和国,北京市,河南省秀英市普陀天津街P座,陈利,Male,445101200108266818,189 0883 1334,0574 1053 893,中共党员,彝族,全日制博士研究生,辐射防护与核安全,九方科技有限公司,舞台美术设计,e706b3cb-0afa-4858-9293-5b932704570c,cuiyang@139.com,518f1c00c2413cb06a4d99110d2264e3c70c5ea4,11.cn,191.136.220.135,bff8:55f7:dd4a:ac8c:8c1:ca5e:4b98:2e5e,b7:c5:ab:80:94:5b,https://placeimg.com/304/51/any,tsy,藏F-83UX5,4611737282699,荷兰银行,58292471-2,92530403656257618C,人力资源和社会保障厅,温州医学院附属眼视光医院,高密市苓芝小学,W2680052788,T13886272,RDX367176296913,P52770561,622901410N37J00,201323398532722001335812096,141430981722065,410900100014166,LEWWDB332KN231457,130384322209,J2731685686443,6213799364901680128,证字第9813833号,苏交运管许可钟字320404264504号,军密认字第9057号,注射用氨基葡萄糖,营养药,注射剂,补充机体所需的氨基酸等营养物质,静脉滴注,剂量视病情而定,泌尿外科手术,输尿管切除术,消化内科,专业治疗各种消化系统疾病，如胃病、十二指肠炎、肠梗阻等,消化内镜、腹部超声仪、胃肠电生理治疗仪等,主任医师、副主任医师、医师、护士,白蛋白（ALB）,脑电图,脑电图（EEG）是一种检测和记录大脑电活动的医学检查。,镊子,甲亢,全身,手术刀、口钳、心电图机,公费医疗,正常,离异,离职,全在神中论,硬膜外麻醉,中度疼痛,Rh阳性,已开封,产瘤助产,乳房超声,横位,C-反应蛋白升高,乏力,不适宜饮用大量水分，更不能喝酒。根据情况选择盐的限制，控制 proteinuria、适度运动、避免中药乱用。
1977 11,11 13 19:23:31,2008,May,Bulgaria,河北邯郸,安徽亳州市涡阳县店集镇程小集村,周阳,M,430527195410149773,8613975234945,0976-305-741,群众,汉族,非全日制普通小学,纺织工程,鑫博腾飞科技有限公司,专业培训师,b3cf8aa0-4133-4b29-8ae1-7c586bd59495,ozhong@gmail.com,b9b1f65062fb737741e6c4ff5920a01d,meng.cn,49.181.190.60,7fcc:2f0:33c0:6974:bec2:fe14:5867:c6c3,9f:48:69:6b:4f:e3,http://www.sun.cn/,chenping,豫BWDG0NF,376379336351717,深圳平安银行,13227928-5,52411222MBCNAJLT0A,上海老干部局,广州嘉信门诊部,抚顺石油化工公司职工大学,C6740118298,T22083431,SJP631713377437,G99664809,6127278RJ5K83E0,200233641611001997985579008,146130522943620,410900100013244,LEWWDB332KN231099,179302276209,J3043649134065,6216548632760420352,沈字第5855972号,吉交运管许可东字220502610381号,军密认字第2207号,多巴水解酶抑制剂,处方药,片剂,治疗帕金森病等疾病,口服,成人：一日最多应用3～4次，以每次50mg起始，根据患者需要和耐受性逐渐增加或减少剂量，但一日最高量不超过20mg/kg。,神经外科手术,颅内良性肿瘤切除术,器官移植科,主要进行器官移植手术和术后的护理工作，如肝、肺、心脏、肾等器官的移植手术,器官移植器械、移植后免疫抑制剂、康复器材等,主任医师、副主任医师、医师、技师、护士,肝酶（GGT）,膀胱镜检查,膀胱镜检查是一种通过膀胱镜检查膀胱和相关组织的医学检查方法。,手术室灯具,胆结石,胆囊,导管、手术器械盘、镊子,医疗救助,稳定,丧偶,学生,基督复临安息日会,表面麻醉,重度疼痛,AB型,已过期,自然分娩,磁共振成像,斜位,尿蛋白阳性,咳嗽,控制饮食，避免吃太热致、刺激性的食物。加强康复锻炼，用药时间不宜过长也不要频繁换药。
一九七一年九月,9月11日19时18分,一九九零,December,Turks and Caicos Islands,福建,山东省秀云市孝南韦路8141号,李秀华,F,511723197406171914,13049122452,022 9257 673,群众,汉族,非全日制职业高中,听力与言语康复学,惠派国际公司传媒有限公司,主管,e09fee33-e8a2-4595-96d7-d36e82c397a9,flei@qq.com,871838fc878c6f47ccf214f008cc81d5,17.cn,180.54.205.142,1ee1:1263:33ff:39e8:6713:54f8:75d5:b2cf,f6:b4:41:c5:ca:26,https://www.jinglei.cn/,dd,桂U J7XVU6,180047595949226,汇丰中国银行,Q4QLX6EH-5,93430426727175709E,金融办,无锡宏源三纺机厂保健站,东阿县职业教育中心学校,K8737980082,T81192530,OQC238659019163,P32316700,411503F61RR0E12,200064626610123001898729472,141130427381592,410900100013764,LEWWDB332KN231084,194854337209,J6717856682714,6231778847817749504,后字第1297963号,蒙交运管许可达字150223709451号,军密认字第5306号,阿莫尔西林克拉维酸钾,抗菌药,片剂,治疗肺炎、腹腔感染等,口服,成人：每次0.375g，每日3次,耳鼻喉科手术,鼻修复术,中医科,主要进行中医治疗，如针灸、中药等,针灸治疗仪、中药煎药机、中药配方对照仪等,主任医师、医师、技师、护士,氯,骨髓穿刺检查,骨髓穿刺检查是一种通过取得骨髓组织样本来检查血液相关疾病的医学检查方法。,手术马克,淤血,全身,扩张器、显微镜、电钻,医疗救助,正常,复婚,退休,卡巴拉,表面麻醉,麻痹,AB型,已过期,自然分娩,乳腺活检,足先露,肺功能受损,不明原因的体重下降,控制饮食，避免吃太热致、刺激性的食物。加强康复锻炼，用药时间不宜过长也不要频繁换药。
十一月十二日,1971/11/12 19:02,1977,一月,Puerto Rico,陕西,台湾省瑜县海港袁路,许成,M,450101197209165509,+86153 1101 5181,0450984354,普通居民,汉族,全日制中等专业,临床医学,易动力信息有限公司,样衣工,b54760fc-c85a-11ed-bb56-f4b5204be593,jdai@189.org,ab2af6eb2a17224342dcee3154511e3979281a5fb95db0e6d2232d504f486e7d,nali.cn,80.114.162.137,c524:3763:b339:7073:d3e1:6327:7b2b:642b,a9:30:45:77:4e:ec,http://xiulanxiulan.cn/,zhujuan,鲁Q D7FAU,4300899004055,惠东惠民村镇银行,24438311-6,92120104944539978X,北京市工商局,河南中医学院第一附属医院,临汾职业技术学院,D8301374366,T29213970,XPJ691694493303,E45467535,652100JKJE8URL8,200515051350700989058383872,147610428552936,410900100013929,LEWWDB332KN232007,151341070209,L5261754223925,6223189897004940288,沈字第4063645号,浙交运管许可德字330521244831号,军密认字第1715号,草酸钙维D3片,非处方药,片剂,预防和治疗骨质疏松等疾病,口服,每次1-2片，1日2次，饭后服用。,心血管外科手术,冠状动脉搭桥手术,床旁超声科,专注于床旁超声技术的研究和应用，如超声引导下穿刺技术、床边检测等,床旁超声仪、医学图像处理软件等,主任医师、医师、技师、护士,抗环状反应蛋白（Anti-CCP）,经颅多普勒,用超声波技术检测颈内动脉和大脑血管状况，应用于中风等情况,面罩,糖尿病,全身,钳子、手术钩、手术马克,医疗救助,确定,丧偶,在职,基督复临安息日会,表面麻醉,重度疼痛,AB型,已过期,产瘤助产,磁共振成像,斜位,肺功能受损,发热,休息、维持水分、按时服药、进行必要的氧气治疗、避免交叉感染等。
2009-04,04 18 04:39:49,二零零三,February,阿尔巴尼亚,南平市,青海省建国市朝阳张家港街F座,郭琳,女性,370214195508305020,156-1773-3510,045991864978,普通居民,汉族,全日制初中,大数据管理与应用,菊风公司信息有限公司,集装箱业务,6b500d19-c85a-11ed-9859-f4b5204be593,yili@hotmail.com,781a35cef9e6e743258f4404786cbdf9,yang.cn,215.133.25.0,90dd:a1f4:2df5:4652:bdc:1955:4de4:f20c,cc:f2:0d:84:6d:d5,https://www.hz.cn/,yangyan,WJ黑89329,180079840204255,中国进出口银行,91695133-2,Y1362323R1LCG6775U,乌海市人力资源和社会保障厅,西安市第一医院,无锡工艺职业技术学院,K7606638018,T71972847,XDC060175129082,G70563114,620105WPPU9WHK5,200236453422800986324336640,143440105000570,410900100013680,LEWWDB332KN231960,151058538209,L4938305475589,6235013971130680320,济字第7648846号,鲁交运管许可莱字371201718354号,军密认字第2194号,阿莫西林,抗菌药,片剂,治疗中耳炎、上呼吸道感染等,口服,成人：一次0.25-0.5g，每日3-4次,眼科手术,近视矫正手术,康复科,主要针对各种身体障碍、运动障碍、神经系统疾病等进行康复治疗,运动功能评定仪、电动理疗床、理疗治疗仪等,主任医师、副主任医师、医师、护士,三酰甘油,血压测量,血压测量是一种检测血液在循环系统中的压力的医学检查方法。,橡胶板,皮肤炎,皮肤组织,皮肤剪刀、手术钩、口钳,医疗补助,隔离期,已婚,离职,苦行派,脊麻醉,无痛,O型,未开封,剖腹产,乳腺触诊,头先露,肝功能异常,咳嗽,饮食要注意富含钙、维生素D，加强锻炼以有利于康复。术后按医生要求进行紧急康复等指导。
1970年10月,10/11 14:40,1980,February,中华人民共和国,江苏省,河北省郑州县锡山王路4233号,王志强,m,230711199706266478,+86 13482463167,0459 5695 1273,党员,汉族,普通高职,无机非金属材料工程,超艺传媒有限公司,镗工,074750f5-68de-4ebd-85eb-a75cb3f52c64,jie89@189.org,0ec3a61d5ec4e426f48313a745c5e154292de7ca,qiaoxia.net,21.107.122.134,58c6:70e9:383d:409f:da3b:3151:50b1:791e,6e:05:4e:30:e7:e0,https://www.pingsun.cn/,lib,WJ宁06506,630411015849,长沙银行,94456595-7,1350011055BQ98X0XY,地税局,民族大学附院,新乡工程学院,Z6839244891,T74467589,IKV241359179672,E25769172,341203HTJFNKYG5,201242681230108988291416064,143340311670742,410900100014062,LEWWDB332KN231548,170062584209,L1480165048062,5184757704972709888,济字第2915392号,粤交运管许可江字440702275854号,军密认字第2788号,洛伐他汀,处方药,片剂,降低血脂、预防冠心病等疾病,口服,每日一次，10-40mg。,神经内科手术,射频消融治疗颈椎病,检验科,主要进行各种临床检验工作，如生化、免疫、微生物、血液等,生化分析仪、免疫球蛋白检测仪、微生物培养仪等,主任医师、副主任医师、医师、技师,凝血酶原时间（PT）,三维影像重建,三维影像重建是一种利用计算机图像处理技术将二维图像转换为三维模型的医学影像处理方法。,手术药品,糖尿病,全身,氧气瓶、心电图机、扩张器,保险,待定,丧偶,自雇,拜火教,局部麻醉,重度疼痛,B型,已开封,产钳助产,磁共振成像,斜位,血压偏高,活动时气促,控制饮食、规律运动、注射或口服降糖药物及胰岛素等。
202008,2020-08-23 06:13,2011年,十二月,瓦里斯和富士那群岛,宁夏回族自治区银川,山西省吕梁市中阳县枝柯镇上桥村,覃楠,男性,431123196306105998,18750617531,081039418967,团员,汉族,非全日制普通博士,阿塞拜疆语,泰麒麟信息有限公司,综合业务经理,954049e0-c85a-11ed-8810-f4b5204be593,minyang@outlook.org,16a0fdd39fbeec4531d8375d9ea82f98d15fcda0c7f6758632b0b80d97c3281e,lei.cn,160.119.56.29,4a1:1b43:48a1:86fb:b471:467c:d30b:a5ed,eb:57:2a:fb:5b:41,https://placeimg.com/453/519/any,zxl,湘N WQ9UP,3598428373166649,哈尔滨银行,62QF56UF-X,59532502AA9EMK4418,安徽淮南地税局,南通体臣卫生学校附属医院,广西信息职业技术学院,Q7623481921,T95072145,QNV430121131560,E43450328,500200YE3D5PFC5,201662667451201990063816704,147350721893986,410900100013250,LEWWDB332KN232003,128463181209,J2900658186036,6251138905445590016,南字第6453979号,藏交运管许可扎字542222715569号,军密认字第0238号,头孢克洛,抗菌药,注射剂,治疗呼吸道感染、肺炎等,静脉滴注,每次1-2g，每日2-4次,泌尿外科手术,尿道下裂修复术,医学影像科,拥有多种影像学设备，如放射性核素扫描设备、X线、CT、核磁共振等,放射性核素扫描设备、X线机、CT机、核磁共振仪等,主任医师、副主任医师、医师、技师、护士,颜色和外观,病理学检查,病理学检查是一种通过检查细胞和组织样本来确定疾病诊断的医学检查方法。,碘酒,喉炎,头颈部,电切器、电剪刀、电凝器,医疗补助,重症,复婚,无业,耶和华见证人,脊麻醉,麻痹,O型,未开封,剖腹产,乳腺活检,足先露,白细胞计数升高,多毛,饮食要注意富含钙、维生素D，加强锻炼以有利于康复。术后按医生要求进行紧急康复等指导。
7月19日,1999 07 19 01:39:42,2003年,九月,CN,江苏徐州,重庆市市辖区巴南区麻柳嘴镇赚宝村,杨莉,f,410326831023946,86136-4070-1186,0818 612 3359,预备党员,汉族,普通高级中学,网络空间安全,趋势科技有限公司,德语翻译,87b780e7-3726-41d5-8e6a-374744a077ac,leiwen@189.org,0bcbc77c7b3a08a6db650dd1ae9e9ee1b7975c9f7d5f911a2449014c8dc5d217,chaoping.cn,134.216.212.155,5b2f:916f:fa15:9686:3da2:39d8:61c2:8196,fb:71:02:ba:96:e6,https://picsum.photos/933/302,mh,闽C 753QXZ,6597101712469420,汇丰中国银行,63174411-0,9322240515353875AT,保定审计厅,江西医学院第二附属医院,贵州民用航空职业学院,B3402949627,T94241133,ZDQ569946962043,E36609571,511503UJER7R0L1,19983461023030219380123740X,110361122331474,410900100013388,LEWWDB332KN231430,150130568209,L7472642989958,5590516572546620416,装字第5700556号,川交运管许可安字510904050645号,军密认字第2656号,头孢拉定,抗菌药,注射剂,治疗社区获得性肺炎、泌尿道感染等,静脉滴注,每次1-2g，每日2-4次,妇产科手术,剖腹产手术,皮肤科,专业治疗各种皮肤疾病，如湿疹、皮炎、痘痘等,紫外线治疗仪、激光治疗仪、红外线治疗仪等,主任医师、副主任医师、医师,血小板分布宽度,心脏介入手术,心脏介入手术是一种治疗心脏疾病的方法，通常使用导管通过血管进入心脏进行手术。,无菌纱布,高血压,心血管系统,吸引器、手术剪刀、动脉钳,医疗补助,有,复婚,退休,耶和华见证人,脊麻醉,麻痹,O型,未开封,产钳助产,乳腺活检,足先露,血糖水平高,多饮,忌食刺激性食物、非甘油类泻药，并按照医生嘱咐使用相应药物。
1981429,四时十五分五十二秒,1979年,March,Russian Federation,那曲,黑龙江省伊春市友好区友好街道办事处先锋社区,沈红梅,f,330424195205275246,18243945888,04572074268,群众,白族,非全日制高职,海关管理,凌云科技有限公司,预定部主管,85ed2ada-c85a-11ed-8bf6-f4b5204be593,xuejie@139.org,95bf93e4aa8d89e736a58787f8d8bcf9d4929978f43be819aae48d8641449b2f,fuluo.cn,207.174.80.165,62a8:88d1:fc55:c597:9338:7a1f:c200:bbd7,df:2f:cb:dd:dc:c6,https://picsum.photos/173/181,cx,WJ辽48680,675980834526,上海浦东发展银行,EERY6W2K-X,93310112133854798D,重庆市黄埔同学会,汕头大学医学院第一附属医院,四川信息职业技术学院,I7585115930,T15944773,VHJ560920618210,G43412141,5401250EXE6BCN1,200646826420526983929659392,143332600569720,410900100013925,LEWWDB332KN231440,135818224209,J1445729674734,6224125457093969920,南字第9145567号,甘交运管许可民字620621651681号,军密认字第5428号,替硝唑,处方药,片剂,治疗阴道炎、胃肠道感染等疾病,口服,成人：剂量因病而异，一日2次或3次，每次0.75～1.5g，餐后服用。,眼科手术,青光眼植入性手术,妇产科,主要进行妇女疾病的诊治和妇产科手术，如宫颈癌、子宫肌瘤、产前筛查等,超声产检仪、妇科手术器械、产床、产钳等,主任医师、副主任医师、医师、技师、护士,生长激素（GH）,肝功能检查,检查患者的肝功能指标，了解患者肝脏情况,滑石粉,肺癌,呼吸系统,手术镜、C光机、氧气瓶,自费,轻症,复婚,在职,唯一神论,全身麻醉,麻痹,A型,未开封,自然分娩,乳腺活检,足先露,白细胞计数升高,胸闷,宜避免接触变态反应源，如花粉、毛发、尘螨等。要嘱患者学会正确使用雾化器和吸入器的方法，保持低盐低脂饮食习惯。
四月一日,2013-04-01 01:25,1984,五月,CN,吴忠,青海省玉兰县沈河宜都街7948号,霍宇,m,371721198902163118,188 8657 6821,0913-399-219,共青团员,汉族,全日制小学,系统科学与工程,华泰通安传媒有限公司,光伏系统工程师,e3cd86e1-d954-446c-b7f7-ebf55eb21a53,nlong@189.com,1d395f034b6e42b895ad51732a96878e8f185bb950b872b11bbd7862fa6a0a81,guiying.cn,160.116.8.13,c175:e348:1b3f:5535:332f:e712:4a38:3c6a,0b:21:37:23:65:51,https://jiexiao.net/,liangxiuhua,WJ鄂3844S,676259435631,上海银行,52816726-3,13520114AXLK5W3L5E,社科联,北京大学第六医院,广州番禺职业技术学院,O7007355594,T45714779,LDX200416700303,P93597974,320301YQXY9BRH3,201246804440203013407113216,130530114984039,410900100013495,LEWWDB332KN231965,187220962209,L1964167203643,6251049497307129856,后字第7572820号,甘交运管许可武字620524130505号,军密认字第1974号,阿莫西林,抗菌药,片剂,治疗中耳炎、上呼吸道感染等,口服,成人：一次0.25-0.5g，每日3-4次,胃肠外科手术,腹腔镜手术,急诊科,负责对各种急性和危急性疾病做出立即诊断和处理,电脑断层扫描仪、紧急救护车、氧气瓶等,主任医师、医师、护士,餐后血糖,放射性核素扫描,放射性核素扫描是一种检查身体内部器官的医学图像检查方法。,扩张器,肝硬化,腹部,取样器、手术钩、吸引器,自费和医保结合,疑似,未婚,无业,神道教,静脉麻醉,轻度疼痛,Rh阴性,已过期,剖腹产,乳腺X线摄影,臀先露,心电图异常,体重下降,决不能服用硝酸甘油等扩血管的药物、避免饮食不良、限制脂肪的摄入、坚持锻炼、防止并发症的发生等。
1988 11,11 07 18:10:04,1986年,八月,中华人民共和国,河北省,北京市冬梅县长寿荆门街N座,洪玉英,女性,420922198302234788,+8615636102856,03134334093,团员,汉族,非全日制普通职高,物流管理,晖来计算机传媒有限公司,行程管理,86793fc2-c85a-11ed-a4e7-f4b5204be593,xiulancheng@gmail.com,cdf69562ef5c88d041209f6196d7f1540d4339c7,01.org,212.154.164.193,6e4d:713a:6781:2b7e:8f5a:544d:f3a3:e657,cf:e9:e4:95:14:66,https://placekitten.com/324/32,zyong,新W-UMC2H,6011359733025765,中国邮政储蓄银行,69389162-6,Y11506261PYBUPJY1E,贵州机构编制委员会办公室,铁岭市中心医院,云南现代职业技术学院,I1940310848,T19569867,NPZ628498149499,G77985902,210422DMXG13FJ4,200864562350300991762464768,146532524867248,410900100013559,LEWWDB332KN231651,122169077209,J2642242862847,6216658016021929984,南字第0795823号,蒙交运管许可敖字150430632190号,军密认字第6605号,乙酰半胱氨酸,非处方药,片剂,预防和治疗病毒感染、增强免疫力,口服,每日1次，每次1-2片。,骨科手术,股骨截骨重建术,感染科,主要进行各种感染性疾病的诊治，如肝炎、艾滋病等,消毒设备、隔离病房、抗感染药物等,主任医师、副主任医师、医师、技师、护士,游离三碘甲状腺原氨酸（FT3）,宫颈癌筛查,采用涂片、HPV病毒检测等检查方式，筛查宫颈癌早期病变,胸骨钩,主动脉夹层,胸部,剪刀、钳子、器械盘,自费和医保结合,未诊断,未婚,自雇,神道教,静脉麻醉,轻度疼痛,Rh阴性,已过期,产钳助产,乳腺X线摄影,臀先露,心电图异常,腹痛,禁烟酒，控制饮食，定期复查，严格按医生嘱咐服药，规律的有氧运动等。
1996 7,07-02 01:27:22,2011,二月,印度,金昌市,黑龙江省杨市萧山谭路5301号,王飞,M,310107193408095952,15234777827,0561 9324 8618,中共预备党员,汉族,非全日制普通小学,电信工程及管理,网新恒天科技有限公司,造纸研发,a2012eb4-c85a-11ed-887f-f4b5204be593,gang46@yahoo.net,25c90bb8dff963eb2f5da9307fb11691,lz.cn,106.153.134.246,93d7:ab3:29c:b851:5d94:9cef:c3ca:246a,35:21:23:32:5e:48,https://www.lima.cn/,wj,黑H-KET0P,342167175357106,恒生银行,19114473-5,Y16528230EG6T1K205,西藏自治区水利厅,黑龙江省中日友谊医院,南京审计大学金审学院,U8579912993,T78796195,DYB365547752558,G05140383,452729MGKQX6Q27,201615038520202006146056192,146430121975200,410900100013695,LEWWDB332KN231311,126599458209,J8981363038035,5200829942131330048,成字第4037172号,闽交运管许可漳字352602048499号,军密认字第0627号,托拉塞米,处方药,片剂,治疗高血压、心力衰竭、肺水肿等,口服,成人：每次20mg，每日1次，饭后服。,泌尿外科手术,输精管切断术,皮肤性病科,主要治疗皮肤疾病和性病,激光去疤仪、疱疹病毒特异性核酸检测仪、红外线透射式显微镜等,主任医师、副主任医师、医师、护士,亚硝酸盐,眼底检查,眼底检查是一种检查眼部和视网膜健康的医学检查方法。,手术盘,高血压,心血管系统,硬膜针、动脉钳、吸气器,保险,疑似,已婚,实习,有神论,局部麻醉,无痛,B型,已开封,剖腹产,乳腺触诊,头先露,血压偏高,气促,改变生活习惯、调整饮食等，视具体情况进行药物治疗。
1983-09,1983年09月26日 03:08,1972,一月,阿富汗,吕梁市,上海市南京市黄浦潜江路2758号,田涛,M,410928660203085,13112332805,0873 353 219,预备党员,汉族,函授,皮金语,时刻传媒有限公司,销售助理,8db1e162-c85a-11ed-b114-f4b5204be593,gaoyan@126.org,b19b6aba4aaf338df78b76c0998ea624,65.cn,8.254.143.114,1ef9:5d1d:c27d:1447:5ff4:8ab1:92ab:4760,df:ae:e9:67:97:14,https://kong.cn/,liukai,WJ豫0736D,180062233451220,中国建设银行,73EX4NKU-5,913307234781279914,重庆物价局,北京世纪坛医院,上海民航职业技术学院,Y7806399411,T60634709,EPE374021655153,E99495617,220802D3M8L7WT8,201050444540401996986843136,145420704428570,410900100013564,LEWWDB332KN231184,143882153209,J4569613106420,6230217605675079680,海字第2369322号,晋交运管许可石字142328587408号,军密认字第8444号,卡托普利,处方药,片剂,治疗高血压、心力衰竭等,口服,成人：一次6.25mg，每日2-3次,耳鼻喉科手术,乳突切除术,急救中心,提供全天候的急救和卫生救援服务,急救车、呼吸道开放支持设备、紧急输液器等,医师、护士,尿酸（UA）,口腔检查,口腔检查是一种用于观察和检测口腔健康的医学检查方法。,注射针头,鼻窦炎,头颈部,除颤器、导管、器械盒,公费医疗,未知,丧偶,在职,图腾崇拜,硬膜外麻醉,重度疼痛,Rh阳性,已开封,自然分娩,磁共振成像,斜位,血压偏高,气促,避免饮酒、控制饮食、规律生活、进行药物治疗等。
一十二月二日,一九九九年一十二月二日一十五时三十一分二十四秒,1984,2月,科威特,广西壮族自治区,辽宁葫芦岛市建昌县养马甸子乡仓上村,赵林,m,222424194808103066,13007447598,0916 636 381,民革党员,汉族,高级中学,智慧水利,新格林耐特网络有限公司,技师,67dbf6d5-5a73-4b38-b126-365b1080a509,adai@qq.com,69db95b826fccdd56a44dd02eb85d9a425f9b1af,sutian.cn,16.117.55.75,8d0e:ea1d:6919:d38b:b61b:20e2:2956:634,9b:19:f9:06:46:81,https://yan.cn/,lcm,闽Y-Q018U,30557502926515,广州农村商业银行,61819768-5,93450107182823664X,国资委,中国人民解放军第四六三医院,临沂市兰山区汪沟镇竹园小学,E5883458431,T85269233,POV080702681562,P32031482,350322YGLW86WC5,201232607610112993323384832,148520325940333,410900100013577,LEWWDB332KN231628,185287750209,L1210360362433,6200862666872009728,北字第8884729号,吉交运管许可辉字220523599238号,军密认字第1444号,铝碳酸镁,非处方药,片剂,缓解消化不良症状,口服,每次2片，每日3次。,心脏手术,心脏瓣膜置换术,心脏外科,主要进行心脏手术和心脏疾病治疗，如冠心病搭桥手术、瓣膜置换手术等,心脏手术器械、心脏血管造影仪、心脏起搏器等,主任医师、副主任医师、医师、技师、护士,低密度脂蛋白胆固醇（LDL-C）,颈动脉磁共振成像,颈动脉磁共振成像（MRI）是一种用于检查颈部动脉的非侵入性医学影像检查方法。,药用棉签,耳鸣,头颈部,手术刀、手术钩、止血钳,公费医疗,失访,复婚,离职,犹太教,硬膜外麻醉,麻痹,Rh阳性,已开封,自然分娩,乳腺活检,足先露,血压偏高,体重下降,注意以清淡饮食为主，提高免疫力。避免抑制免疫系统的药物，如糖皮质激素等。专业治疗。
2003年10月,10月23日2时42分,2016年,9月,突尼斯,白山市,重庆市兴安盟市海港汕尾路D座,徐建华,M,511402710208602,+8615111951951,0660-7397-395,中共党员,汉族,全日制普通专科,创业管理,创汇传媒有限公司,医院,93dd9417-c85a-11ed-98f4-f4b5204be593,lei15@yahoo.com,c710827d7d86e312ef41e91f53b8defec11e2a06,zhenghu.cn,176.96.141.33,4ccb:a782:2afa:4f28:8aa4:1b38:2a30:1f63,0c:77:57:f8:40:a3,https://64.net/,zhangting,粤N F20VB5,3544763193434362,满地可银行,JEYYCTB6-6,91120112736607251L,党校,新郑市人民医院,威海市常春藤外国语学校,C5203776273,T36862698,FXH233501163872,E21890991,340504UG2L6YGQX,200323753370112016238247936,130320112141262,410900100013547,LEWWDB332KN231309,175388094209,L5825851461809,5590516572546620416,空字第2109804号,苏交运管许可淮字320804550424号,军密认字第8737号,盐酸曲马多,处方药,片剂,缓解中度至重度疼痛,口服,成人：一次1-2片，每日3-4次。,骨科手术,关节镜手术,泌尿外科,专业治疗泌尿系统疾病，如膀胱肿瘤、肾结石、前列腺炎等,肾脏等离子刀、膀胱镜、尿道支架等,主任医师、副主任医师、医师,平均红细胞血红蛋白含量,糖化血红蛋白测定,糖化血红蛋白测定是一种测量血液中糖化血红蛋白浓度的医学检查。,导丝,全身性感染,心血管系统,吸氧机、电钻,自费和医保结合,好转,已婚,学生,道教,静脉麻醉,无痛,Rh阴性,已过期,产钳助产,乳腺触诊,头先露,尿蛋白阳性,恶心,禁烟酒，控制饮食，定期复查，严格按医生嘱咐服药，规律的有氧运动等。
2015/02,02 02 17:57:16,二零零七,3月,cn,山东省,广东珠海市金湾区平沙镇美平社区,彭霞,女性,370832194108089681,18243562089,0511-2234-977,群众,汉族,非全日制博士,社会政策,群英传媒有限公司,信审核查,f47275e7-d28e-4f00-a607-14da36e4cae7,guiying90@126.com,230ee119064962afba280ed9a7d4a2cf6c53b3cb,kong.cn,57.52.40.148,74be:d2a4:e3bb:2b59:33fb:42d5:47f4:167a,d4:13:69:0d:16:ba,http://www.wen.cn/,jiaoliang,粤XD96WG,4888541509035566,中国银行,0TBHKF32-7,916401818652408558,吉林宣传部,十堰市中医院,成都中医药大学,J8344296660,T27529936,FBB083228199106,P16035649,510727XWKGLFYW1,200923257350908987857436672,142420704564077,410900100013770,LEWWDB332KN232018,131297441209,L1962415569982,6228499174483489792,装字第9997238号,湘交运管许可常字430425107682号,军密认字第9578号,乌鲁木齐海纳密克生物治疗创可贴,非处方药,外用贴剂,缓解关节炎、肌肉酸痛等症状,外用,贴在患处，每天2-3次。,耳鼻喉科手术,乳突切除术,麻醉科,专门进行手术全程的麻醉和术后麻醉管理,麻醉机、心电监护仪、呼吸机、吸收剂等,主任医师、副主任医师、医师、麻醉师、技师、护士,免疫球蛋白A（IgA）,腹部超声检查,对腹部器官进行超声波探查，了解器官情况,防风草药,瘤胃和异位病,消化系统,血压计、口钳、剪刀,自费,确诊,丧偶,离职,一神论,全身麻醉,重度疼痛,A型,未开封,产瘤助产,磁共振成像,斜位,肝功能异常,呕吐,戒烟限酒，控制饮食，规律锻炼，按照医生的嘱咐使用降压药物等。
二零零六年九月二十三日,14:43:13,1988,二月,爱沙尼亚,贵州省,吉林省佛山县高坪邯郸路,魏斌,男性,360703199410102692,+86186-0076-3793,0483 5204 1948,团员,汉族,非全日制小学,能源经济,黄石金承传媒有限公司,中餐厨师,e78d8fb4-9024-4b52-8904-117055671276,taowei@qq.org,89b8caf6efea048616e1742a36ab9698c52aac71,rt.cn,28.231.150.129,6fda:14de:bfff:4b0e:aea:b791:2e81:fd9b,f9:f6:d4:05:3b:c8,https://36.cn/,huangxuemei,新E P28G6Z,4963993856108,重庆银行,41669349-6,93110119260150435L,内蒙古自治区商务厅,绵阳市中心医院,滁州职业技术学院,R3458820283,T56224433,LSQ963946778618,G17563290,532100T0H2A5K26,200361885141001000095580160,147640100737366,410900100013613,LEWWDB332KN231422,162962964209,J2463246212116,5124830130902930432,后字第6205796号,甘交运管许可城字620102476834号,军密认字第0157号,替格瑞洛片,处方药,片剂,降低血压,口服,成人一日1次，剂量为40毫克。,骨科手术,关节镜下半月板修复术,湿疹防治科,主要进行湿疹和皮肤瘙痒的治疗,温泉疗法仪、皮肤电针疗法仪、UIP治疗仪等,主任医师、医师、技师、护士,脂蛋白A1（APOA1）,血脂检查,血脂检查是一种用于检测血液中各种脂质的浓度和含量的医学检测方法。,止血器,心肌梗塞,心肌系统,麻醉机、心肺复苏包、导管,自费和医保结合,死亡,已婚,退休,道教,静脉麻醉,无痛,Rh阴性,已过期,产钳助产,乳腺触诊,头先露,心电图异常,视力模糊,维持规律的作息时间、提供有趣的活动、保持社交互动，注意照顾患者的情绪和心理状态；根据症状使用相应药物，如乙酰胆碱酯酶抑制剂等。
7月18日,2000-07-18 04:22:38,二零一八年,12月,Tunisia,上海市,湖南省长春县魏都银川街6493号,郑静,F,23100119601203197X,+8618987783259,0598-5528-761,民革党员,汉族,非全日制普通高级中学,吉尔吉斯语,开发区世创信息有限公司,驾校教练,e3c5666a-d973-4873-bdbf-f3840fda87d8,mingwei@qq.net,9b14be0f88bece71f02c086ca60d97bb608d583a,yan.cn,140.175.57.196,23c2:f75f:887f:3497:d528:b7d0:73b6:5436,98:7a:2f:e4:4d:62,http://www.xuhuang.cn/,wl,藏J YVT58X,4268025851390803,中国进出口银行,AYCHFYY1-3,93532127BCRRFLHEXU,阿里地机构编制委员会办公室,浙江省妇女保健院,金乡县胡集镇大孙楼小学,V6997920902,T67340347,CXP391504482616,P68429591,1409025U3YN2U20,199933674522120984025104384,144500238478198,410900100014218,LEWWDB332KN231247,141187585209,L3793941152104,6200359598512919552,空字第8140185号,蒙交运管许可宁字150429117165号,军密认字第1406号,氟替卡松,处方药,眼用药,治疗眼部过敏性疾病、眼部炎症等,眼用,轻度至中度疾病：一日1-2次，每次1滴。严重疾病：每日3-4次，每次1-2滴。,神经外科手术,面部神经修复术,康复理疗科,主要进行康复理疗，如按摩、理疗、干预等,脊柱康复系统、电动理疗床、乔治床等,主任医师、医师、技师、护士,血纤维蛋白原,尿液检查,尿液检查是一种用于评估肾脏和泌尿系统功能的医学检测方法。,肝定钳,肝脏损伤,腹部,剪刀、血压计、呼吸机,自费和医保结合,未诊断,已婚,在职,道教,静脉麻醉,无痛,Rh阴性,已过期,剖腹产,乳腺触诊,头先露,肺功能受损,耳鸣,决不能服用硝酸甘油等扩血管的药物、避免饮食不良、限制脂肪的摄入、坚持锻炼、防止并发症的发生等。
2003811,三时五十八分二秒,1999年,七月,中国,江西省,西藏自治区丽华县大兴朱路,何桂香,f,513429196601309148,18923874272,0375-731-893,群众,汉族,夜大,阿拉伯语,惠派国际公司网络有限公司,票务,dc66813f-331e-4175-bb3f-7ccbb5288ba1,qianlei@aliyun.com.com,39efb1ff121fe1ca07025d57b2f7cd664c2627e9,yang.cn,218.8.120.45,32ba:3cb2:22ca:47dd:f82a:f1e7:a54d:4e4a,25:e7:7b:2b:15:91,https://dummyimage.com/421x500,zhangting,WJ浙66526,3577145960095305,新华村镇银行,5B8X7UDK-8,9141048147042019A5,拉萨市共青团,大连市友谊医院,南昌医学院,M0754047056,T92939161,QUP232239105695,E55175059,540125XH7Y7XQP4,202065310360480989178757120,142512527180932,410900100013529,LEWWDB332KN231564,190842381209,J6552942843238,6228979224825159680,济字第5706583号,桂交运管许可北字450981214324号,军密认字第7626号,氟替卡松,处方药,眼用药,治疗眼部过敏性疾病、眼部炎症等,眼用,轻度至中度疾病：一日1-2次，每次1滴。严重疾病：每日3-4次，每次1-2滴。,心脏手术,心房缺损修补术,针灸推拿科,主要以针刺、推拿、拔罐、艾灸、中药熏蒸等为主要治疗手段,手法治疗床、针灸床、中草药提取器等,主任医师、医师,高密度脂蛋白胆固醇,空腹血糖测定,空腹血糖测定是一种用于检测血液中葡萄糖水平的医学检测方法。,一次性敷料,肝脏损伤,腹部,动脉分叉钳、吸引器、剪刀,公费医疗,结束隔离,未婚,退休,巫教,硬膜外麻醉,轻度疼痛,Rh阳性,已开封,自然分娩,乳腺X线摄影,臀先露,血脂异常,气促,注意以清淡饮食为主，提高免疫力。避免抑制免疫系统的药物，如糖皮质激素等。专业治疗。
九月七日,1976 09 07 13:00:54,2016,5月,尼日尔,福建宁德,浙江省潜江县涪城柳州路V座,尹秀华,女性,65010919561230976X,151-4631-1657,0359 2917 830,中共党员,汉族,非全日制普通高级中学,慈善管理,惠派国际公司传媒有限公司,楼面经理,6db58a4b-c85a-11ed-b8a5-f4b5204be593,tao30@189.org,2c820079497162dc698e35744498551b,jin.cn,62.169.178.167,a54d:7ed8:678d:79ec:12c6:180b:bb1f:edc5,42:f7:21:0a:59:6c,http://na.cn/,lj,京G6NQ4JM,6520597985695710,中国邮政储蓄银行,52991686-0,19520101YAYMNUEN0D,辽源宣传部,上海瑞金医院,成武县大田集镇中屯小学,A5314270329,T86379564,ZBZ829791790659,P33482796,410724F01PRWAC0,200363407210499991106748416,148432828119086,410900100014082,LEWWDB332KN231641,103323266209,J8210119862118,3563914007691019776,北字第5319515号,津交运管许可北字120113552226号,军密认字第6769号,加替沙星,处方药,片剂,治疗肺部感染、泌尿生殖系统感染等疾病,口服,成人：一次0.2g，每日2次，用量因病而异。,呼吸内科手术,气管切开术,医学影像科,主要进行医学影像的拍摄和诊断工作，如X线、CT、磁共振等,数字化印象仪、医学图像分析软件、医学影像存储设备等,主任医师、医师、技师,癌抗原（CA）125、CA15-3、CA19-9、PSA等,视力检查,通过对患者眼睛进行各项检查，确定其视力指标,手术刀,骨质增生,肢体,手术钩、除颤器、器械盒,保险,不稳定,未婚,在职,佛教,局部麻醉,轻度疼痛,B型,已开封,剖腹产,乳腺X线摄影,臀先露,血压偏高,闭经,禁忌饮酒，控制饮食，保持营养均衡、易消化、低蛋白、高糖饮食。白蛋白缺乏时可缓慢补充。
1986年12月23日,16时04分30秒,一九九三年,12月,摩洛哥,西安,福建省秀云市华龙赵街n座,张秀云,女,360400193408019125,8613192989061,0537-5017-760,群众,汉族,非全日制硕士研究生,虚拟现实技术,鸿睿思博传媒有限公司,人力资源,80d84599-c85a-11ed-bc34-f4b5204be593,taofan@189.net,4b8b444c7cf60df69abaab2a86a8c7f7d313abcf77c14637484fbcf4037a075d,peng.com,14.134.23.149,8e7d:c316:7bd5:28e5:742e:9262:6e3e:52b,5e:e1:6f:59:e9:c9,https://picsum.photos/334/742,zhangping,川WR1FEJ,3506455284359774,瑞士银行,1EULXXHP-5,91610124979636268N,双鸭山民政厅,西安广仁医院,河北旅游职业学院,Q8842916062,T03269463,CZK225123663162,P71056112,412725R0TJ3J1F4,201946043430501987330818048,148133026673247,410900100013477,LEWWDB332KN231541,162042843209,J6330924722853,4816998863692930048,广字第5654606号,贵交运管许可赤字520381351801号,军密认字第8006号,阿莫西林,抗菌药,片剂,治疗中耳炎、上呼吸道感染等,口服,成人：一次0.25-0.5g，每日3-4次,神经外科手术,脊柱融合术,疼痛科,主要进行慢性疼痛、癌痛等的治疗，提供全方位的疼痛管理服务,注射泵、疼痛评估仪、镇痛泵等,主任医师、医师、技师、护士,镁（MG）,支气管镜检查,支气管镜检查是一种通过支气管镜检查呼吸系统的医学检查方法。,血管钳,贫血,全身,手术刀、导管、心肺复苏包,公费医疗,确诊,复婚,实习,犹太教,硬膜外麻醉,麻痹,Rh阳性,已开封,产瘤助产,乳腺活检,足先露,血脂异常,头晕,饮食补钙、户外运动、避免长期服用激素和抗癫痫等药物。
一九八二年四月,1982/04/27 06:13,1986,6月,刚果,重庆市,山东省瑞市浔阳澳门街,苏秀珍,F,620826199804277413,+86185-0515-5914,0561 3587 785,党员,壮族,非全日制博士,戏剧影视美术设计,时空盒数字科技有限公司,客服及支持,ccd95975-8ac2-432b-bb30-d6f1fb5fc692,liutao@sohu.net,1d7f625d3a2247245731616fa607eb7783bbeb41060efbc61924e027d449d2fe,rn.cn,67.95.121.201,c7b6:1df3:6e47:65c8:db69:2460:56e8:51ac,99:01:f8:f1:46:04,http://gong.org/,lh,WJ宁76746,2435736288847486,杭州市商业银行,46593864-8,9121070268963415A0,秦皇岛市人大,衡阳医学院第一附属医院,西宁城市职业技术学院,E5883458431,T01928248,DRL820229269328,E53234561,622322XECBMM9Y9,201936417340302984650686464,110340201632590,410900100013435,LEWWDB332KN232014,188063222209,J1690718016606,9666665378430390272,证字第4666973号,新交运管许可克字650203107841号,军密认字第1974号,头孢克洛,抗菌药,注射剂,治疗呼吸道感染、肺炎等,静脉滴注,每次1-2g，每日2-4次,泌尿外科手术,肾移植手术,口腔科,专业治疗口腔疾病，如龋齿、牙髓炎、牙周病等,高速气鼓钻、口腔CT、口腔激光机等,主任医师、医师,血小板计数,血液生化检查,血液生化检查是一种用于血液化学分析的医学检查方法。,一次性外科手套,癌症,全身,微波刀、射频刀,保险,待定,离异,在职,东正教,局部麻醉,中度疼痛,B型,已开封,剖腹产,乳房超声,横位,血脂异常,心前区疼痛,改变生活习惯、调整饮食等，视具体情况进行药物治疗。
2000 6 18,23:21:58,1970,January,Egypt,云南普洱,广西壮族自治区海燕市山亭李路,卢慧,F,450803197001218238,+8615343247902,0510 3936 5703,共青团员,汉族,非全日制普通本科,火灾勘查,精芯科技有限公司,宠物护理,eac841c7-c833-4da7-8889-1210173a3459,duwei@sina.org,1e2a38fdce7eed6e2e832a275de32ffe03323b13,48.cn,73.78.46.158,79cf:6dd5:c6f2:57e8:b372:7170:1766:5852,69:a2:a1:c1:e2:5f,http://46.cn/,liting,渝EZBVG8,3589781665083950,北京农村商业银行,65974826-0,9163232126353859B9,广电局,河北北方学院附属第一医院,湖北财税职业学院,N9601910865,T92196243,TAN430764226184,D05808717,4503119DTQ55XR1,200811433332623002749108224,146532923550808,410900100013840,LEWWDB332KN231728,125172825209,J4357440607615,6222626874059540480,后字第1989582号,新交运管许可喀字653100132000号,军密认字第3913号,酚苄明,非处方药,口服液,缓解感冒等症状,口服,成人：一次10ml，每日3-4次。,胃肠外科手术,肝切除术,耳鼻喉科,专业治疗耳、鼻、喉等疾病，如耳聋、鼻窦炎、扁桃体炎等,红外线耳温计、喉科电烙、前庭功能检查仪等,主任医师、副主任医师、医师、护士,钾,心肺运动负荷试验,心肺运动负荷试验是一种测量心血管和呼吸系统在运动时的功能的医学检查方法。,一次性注射器,支气管炎,呼吸系统,胃钳、导管、检查仪,保险,死亡,丧偶,离职,拜火教,局部麻醉,重度疼痛,B型,已开封,剖腹产,磁共振成像,斜位,血脂异常,无症状,禁忌饮酒，控制饮食，保持营养均衡、易消化、低蛋白、高糖饮食。白蛋白缺乏时可缓慢补充。
12月21日,一九七零年一十二月二十一日一十七时十分,一九八零年,九月,Bahamas,台湾省,云南省丽丽县高坪路路231号,杨桂荣,Female,621021000219604,+86 18992613554,0757-992-756,党员,土家族,函授,航空服务艺术与管理,泰麒麟传媒有限公司,酒店前台,ac489d5e-c85a-11ed-a88a-f4b5204be593,ctang@gmail.com,99af1755961b05e9b75d2ed02b0b11be7594e363,12.cn,106.250.167.19,2ad1:7874:2b9f:1d3c:101c:8447:15f7:f315,70:6a:56:8e:76:67,http://www.48.cn/,wtt,WJ沪64330,4088856640666071,中国光大银行,U6FB3GGB-X,91500120236651037H,贵州省参事室,南华大学附属第三医院,东南大学,R6634355757,T80140598,EFN695499350672,P14836315,5101123GB224901,201021859510801004486459392,145420982294756,410900100013487,LEWWDB332KN231905,182613080209,L8037218928860,6202009646694139904,沈字第1906938号,冀交运管许可故字131126292941号,军密认字第1639号,酒石酸美托洛尔,处方药,注射剂,治疗急性心肌梗死等疾病,静脉注射,剂量因患者情况而异。,骨科手术,多节段脊柱融合术,病理科,主要进行组织学和细胞学的检查和诊断,病理学数字切片仪、蜡片制备设备、冰冻切片器等,主任医师、医师、技师,中性粒细胞计数（NEU）,红细胞沉降率测定,红细胞沉降率测定是一种用于评估炎症和相关疾病的医学检测方法。,硬膜剪,脑出血,头颈部,手术俯卧位、血压计、拔钩器,自费,未知,离异,退休,锡克教,全身麻醉,中度疼痛,A型,未开封,自然分娩,乳房超声,横位,血糖水平高,咳嗽,控制饮食、戒烟限酒、进行规律的有氧运动（如快走、游泳等）、服用药物（如阿司匹林、硝酸甘油等）。
199712,12 07 00:36:39,1970,5月,cn,天津市,广东汕尾市陆河县新田镇联安村,胡玉英,Female,320684196709172611,130 9796 8741,0579 2797 539,团员,汉族,非全日制普通专科,时尚传播,数字100信息有限公司,企业策划人员,a1138099-f514-4d61-a02f-2210fac8b737,juan92@gmail.org,07365e2d9a5bb4b731aac2f59c8ece54940e5ae9ad0ad98ef11133420dc7521b,weifang.cn,31.199.69.101,8412:c2dd:30f2:921c:8653:cee0:740b:3d52,8f:a6:dc:31:69:14,https://placeimg.com/744/220/any,mp,WJ桂88145,30563902789552,南昌市商业银行,CLLFXU4X-3,91330803195691656U,太原工业信息化厅,协新毛纺厂卫生所,烟台市福山高新技术产业区中心校,U4807285056,T50010943,JQB132742238352,D66706914,230183BAC7BQWXX,200861096652722009920241664,148440924949993,410900100014184,LEWWDB332KN231242,196369642209,L6821525165723,6213432959295859712,南字第6509565号,京交运管许可通字110112995942号,军密认字第0111号,替比夫定,处方药,口服液,治疗高血压等症状,口服,成人：一次5-10mg，每日2次。,胃肠外科手术,肠梗阻手术,营养咨询科,为各种人群提供饮食、营养方面的咨询和指导,饮食营养计算机、营养食品推荐器、营养成分分析仪器等,主任医师、营养师,尿素氮（BUN）,白内障手术,白内障手术是一种治疗眼部白内障的手术方法。,玻璃管,冠心病,心脏系统,导丝、血压计、呼吸机,医疗补助,好转,离异,实习,万物有灵论,脊麻醉,中度疼痛,O型,未开封,剖腹产,乳房超声,横位,血糖水平高,黄疸,戒烟、减少空气污染、运动锻炼、使用药物（如吸入性支气管扩张剂、口服或吸入性类固醇等）等。
1993年10月,10/09 03:22,一九八三年,六月,中华人民共和国,陕西汉中,四川省大冶县南长沙路2575号,史阳,M,340301660922495,157 9433 0461,08386999329,致公党党员,汉族,非全日制博士研究生,智能工程与创意设计,凌颖信息科技有限公司,质量管理,311ce3f2-f10a-46ed-b74c-aef2a836aee6,junyao@126.com,cb2bffae445b30ffdd7822c1c573cb4f,16.cn,164.162.149.44,5eb2:5e9a:8ad:ed8f:d0c5:b772:375b:c395,52:8c:b9:58:9a:a5,https://dummyimage.com/509x226,wy,WJ湘3853D,4486823336221695786,上海银行,63983758-1,912113817741821359,住房和城乡建设厅,全国针灸临床研究中心,云南国防工业职业技术学院,N6007742796,T04230790,GRA013888193216,G81904164,469029LALCUDEL9,201453288130680999957757952,147513230898122,410900100013723,LEWWDB332KN231517,153533488209,L1721420314278,6251205475936339968,后字第9240737号,闽交运管许可柘字350926851585号,军密认字第2676号,对乙酰氨基酚,非处方药,片剂,缓解发热和轻度至中度疼痛等,口服,成人：一次0.5-1.0g，每日3-4次,神经外科手术,颅内血肿清除术,肝病科,专业治疗各种肝病，如肝炎、肝硬化、肝衰竭等,肝病诊断仪、肝功能治疗仪、重症监测仪等,主任医师、副主任医师、医师、护士,丙氨酸转移酶（AST）,乳腺核磁共振成像,乳腺核磁共振成像（MRI）是一种用于检查乳房的无创性医学影像检查方法。,手术钩,骨折,肢体,电钻、手术刀、止血钳,保险,中度症状,复婚,学生,多神论,局部麻醉,麻痹,B型,已开封,剖腹产,乳腺活检,足先露,血压偏高,咳嗽,禁忌饮酒，控制饮食，保持营养均衡、易消化、低蛋白、高糖饮食。白蛋白缺乏时可缓慢补充。
1974年05月,1974 05 17 19:24,1978年,April,中国,兰州市,新疆维吾尔自治区琴市白云黄街,昝兵,Male,130432198406292313,13186648736,0935 7112 371,民建会员,汉族,全日制高职,生物制药,华泰通安信息有限公司,翻译,8f723fc3-c85a-11ed-aacc-f4b5204be593,kongxiulan@hotmail.com,00ef8a093e9d4354c3e11a327842c179,02.net,208.133.206.47,c8a9:ff37:2ff0:3920:6fc8:d348:e594:7f31,a4:f0:6e:69:c1:76,http://chengmeng.net/,tianshuying,蒙GVJSQ1,501822711039,温州银行,BPNB8KBD-8,11420116ECTEFN065Z,香港特别行政区法院,相城区黄桥卫生院,沂水县第二实验小学,Q7517712721,T45714779,ZBZ829791790659,P51843686,612600XQPEUQD27,200861225352227993105203200,110141124488988,410900100013315,LEWWDB332KN231943,182457790209,L6311748129119,6200704229296249856,海字第5218564号,粤交运管许可茂字440904600431号,军密认字第7521号,倍他乐克止痛片,非处方药,片剂,缓解头痛、关节痛等症状,口服,成人：每次1-2片，每日3-4次。,神经内科手术,脊髓刺激治疗肢体瘫痪,男科,主要进行男性疾病的诊治，如阳痿、前列腺炎等,男性生殖健康仪、前列腺按摩器、生精养血丸等,主任医师、副主任医师、医师、技师、护士,抗环状反应蛋白（Anti-CCP）,白带常规检查,检查女性白带中的各项指标，了解患者身体状况,手术神经监测器,胃溃疡,消化系统,剪刀、除颤器、手术刀,自费和医保结合,重症,丧偶,实习,不可知论,静脉麻醉,重度疼痛,Rh阴性,已过期,剖腹产,磁共振成像,斜位,心电图异常,心悸,决不能服用硝酸甘油等扩血管的药物、避免饮食不良、限制脂肪的摄入、坚持锻炼、防止并发症的发生等。
2020 4,04-17 13:34,2004,2月,肯尼亚,新疆维吾尔自治区,青海省西宁市华龙李路2400号,孙海燕,女性,330185196109147739,18766145158,0938972505,党员,汉族,非全日制初级中学,吉尔吉斯语,九方传媒有限公司,电镀工,7e2b4bb4-c85a-11ed-b7e9-f4b5204be593,tlai@aliyun.com.org,7019ee3fd17c4b2055d3a1e6efc29521,jw.cn,67.163.33.223,7ca1:4750:7e47:1d0f:96d0:9f05:b2a6:2d8b,81:2d:34:42:4c:8b,https://placeimg.com/235/471/any,wbo,粤E8ZLWJ,4716656951319218424,江南农村商业银行,54535771-2,Y13412000E8EPKNL8H,省直机关工委,四川省骨科医院,枣庄市市中区孟庄镇峨山口小学,N6007960056,T68481764,MXD455767138891,D85684186,6523237AH9BWQ26,199952392441822992152920064,142522729658490,410900100014179,LEWWDB332KN231655,158329839209,L1620901482260,6212384452410560512,成字第1674160号,川交运管许可营字511322950016号,军密认字第5763号,阿莫尔西林克拉维酸钾,抗菌药,片剂,治疗肺炎、腹腔感染等,口服,成人：每次0.375g，每日3次,妇产科手术,卵巢囊肿切除术,营养代餐科,提供各种有营养、健康、方便的代餐服务,代餐餐具、食品安全检测仪、代餐饮料机等,主任医师、医师、护士,碱性磷酸酶（ALP）,糖耐量试验,糖耐量试验是一种用于检测身体对葡萄糖的代谢处理的医学检测方法。,拔钩器,脊柱肿瘤,背部,手术剪、导管、息肉钳,保险,不稳定,已婚,无业,有神论,局部麻醉,无痛,B型,已开封,产钳助产,乳腺触诊,头先露,血脂异常,呕吐,控制饮食、规律运动、注射或口服降糖药物及胰岛素等。
2018 4,04-19 09:18:45,2000,4月,El Salvador,邵阳市,山西省建国县江北李路,杨玉梅,Female,533321197906197919,+8613157089434,0663-3676-747,团员,汉族,初中,生物医药数据科学,图龙信息科技有限公司,健身房服务,6f7da140-aa66-418e-897e-7e10b36cf7b3,tao51@outlook.net,bcbf15b41cea9accfff270516e66127e81d1bd26a43cba3610f0f0f9a19aa7d4,lishi.cn,93.188.41.75,db8:6278:42ef:1fc6:6980:2ab7:5f46:1fcf,44:5f:6e:c0:3c:20,https://dummyimage.com/734x895,hongguilan,WJ浙31979,675989820856,中国民生银行,46677259-8,93230381UN8PW6BP5P,省委,锡沪路物资门诊部,济南市兴济小学,W5371211069,T43960925,KNJ351601097967,D28850715,513300B7EJ1R753,200953849513221010996854784,148130185549733,410900100013959,LEWWDB332KN231381,111538165209,L6410593859192,6200862243999649792,济字第9345066号,鲁交运管许可定字372923683823号,军密认字第5328号,利福平,处方药,片剂,治疗抑郁症等疾病,口服,成人：一次20-80mg（最大量120mg），每日1-3次。,妇产科手术,子宫腔镜手术,针灸推拿科,主要进行针灸、推拿等中医治疗,针灸仪、推拿床、艾灸炙药仪等,主任医师、医师、按摩师、医学技师、护士,D-二聚体（D-D）,心电图检查,对患者进行心脏功能检查，了解患者心脏状况,皮肤针,红斑狼疮,皮肤组织,骨钻机、手术钩、电剪刀,自费和医保结合,疑似,离异,在职,新教,静脉麻醉,中度疼痛,Rh阴性,已过期,产钳助产,乳房超声,横位,尿蛋白阳性,恶心,禁烟酒，控制饮食，定期复查，严格按医生嘱咐服药，规律的有氧运动等。
1990 10,10月4日 21:01:15,1995,August,圣克里斯托弗和尼维斯,北京市,北京市岩市南长兴城路z座,殷利,M,450903193904136265,13869683081,0379787909,普通居民,汉族,非全日制职高,财政学,雨林木风计算机传媒有限公司,安全员,bfe98b5d-8a57-489b-9006-0f8f02e29e56,min04@126.org,a4da8281bcead1134ad71048cbf5e34865b4227a5d6108a5982d327e8332e589,wh.net,139.230.152.8,beb6:ac83:6f69:678:ce61:2d4d:e9e4:714a,9d:06:93:c6:6f:b5,https://placeimg.com/339/558/any,hhm,冀V K0QRD,3580177580967352,欧力士银行,94156475-6,135102236RTCUDEUXU,天津老干部局,海鹰企业集团有限责任公司卫生所,菏泽市牡丹区王浩屯镇孙化屯小学,S0314620296,T53877539,GZB436655971095,G87364429,3504032TWB14HF6,199944717610426002621595648,145522128105828,410900100013795,LEWWDB332KN231174,124358546209,L7477167394192,6215202378864169984,证字第9021329号,冀交运管许可邯字130421341476号,军密认字第2541号,乙酰螺旋霉素,抗菌药,片剂,治疗中耳炎、上呼吸道感染等疾病,口服,成人：一次0.25-0.5g，每日3-4次,心脏手术,房室结射频消融术,麻醉科,主要进行手术前后的麻醉工作,麻醉机、麻醉监测仪、喉罩等,主任医师、医师、技师、护士,对氨基苯磺酸,辅助呼吸援助,辅助呼吸援助是一种通过机器辅助呼吸的方法来治疗呼吸系统疾病的医学治疗方法。,传染帽,乳头瘤,乳房,钳子、手术钩、探测器,保险,好转,复婚,在职,多神论,局部麻醉,麻痹,B型,已开封,产钳助产,乳腺活检,足先露,C-反应蛋白升高,腹泻,控制饮食、规律运动、注射或口服降糖药物及胰岛素等。
1983年12月,12月31日07时17分54秒,1999,February,Tunisia,新疆维吾尔自治区,四川省宁市西夏林路q座,赵帅,男,621124194609097211,189-3244-6022,0451-477-962,团员,汉族,初级中学,植物保护,MBP软件网络有限公司,营业部大堂经理,07343d3a-dedc-47d6-be8e-155572111637,pingzeng@sina.org,d18a828fd33068d88d8176fca69654cb81de617222df10c1d1293a329c7dd093,liao.cn,184.93.6.85,7b20:eb92:786c:ee9d:2e7c:5141:c891:4399,89:08:9f:d3:63:99,https://www.yanduan.com/,lvxiuyun,豫DM2QF4,370221241730633,十堰农村商业银行,89195853-7,91150428152290553X,江西省招标局,金秋医院,南充市职工大学,H9216193543,T10065965,PIN191027640649,P50998597,542421G6X35TGY8,201614308530921983918997504,110632600310805,410900100013779,LEWWDB332KN231266,164318588209,J1336539783565,6224503089544890368,海字第4509803号,冀交运管许可唐字130200808115号,军密认字第0006号,头孢拉定,抗菌药,注射剂,治疗社区获得性肺炎、泌尿道感染等,静脉滴注,每次1-2g，每日2-4次,耳鼻喉科手术,鼻窦炎手术,生殖中心,为各种遗传病、不育症、前列腺炎等提供综合保健服务,避孕用品、吸精设备、精液冻存设备等,主任医师、副主任医师、医师、护士,葡萄糖耐量试验,胸部X光,胸部X线检查是一种检查肺部和胸部结构的医学影像检查技术。,乳胶手套,肾结石,泌尿生殖,剪切钳、吸引器、器械盘,保险,未诊断,丧偶,实习,拜火教,局部麻醉,重度疼痛,B型,已开封,产钳助产,磁共振成像,斜位,C-反应蛋白升高,乏力,制定合理的饮食计划，避免食用高嘌呤食物，如动物内脏、肉类、海鲜等。保持适当的运动量，避免过度劳累。
201712,12-26 22:13,2020,10月,Bouvet Island (Bouvetoya),内蒙古自治区,云南楚雄彝族自治州元谋县江边乡盐水井村,郭燕,f,620725196109229801,13657083813,0710359782,群众,满族,普通本科,草业科学,群英网络有限公司,算法工程师,00c45f62-c9bf-4bf9-878b-5739cefbfd8e,luchao@hotmail.net,36b99ca59c28b86fce05f4ec9c472201aa569027dfe2080dc6eee5c45e269c3f,85.cn,78.87.17.80,7c2f:3a47:ba34:5aee:c0fb:b3cd:241f:c828,20:5e:af:1f:4e:34,https://xiulan.org/,wx,津X ZU5Y9,2570531226980084,重庆银行,52954987-X,93451225192709259L,招商局,淮安市清印集团卫生所,潍坊峡山生态经济开发区王家庄街道大孙孟小学,A7630537576,T10100343,KYC799466123121,E83610543,220381BDC9HT0L1,200641217533320996533043200,147450108159432,410900100013946,LEWWDB332KN231147,137704976209,J8313796584596,6225575018247919616,海字第3213275号,晋交运管许可武字140429383242号,军密认字第1043号,酚苄明,非处方药,口服液,缓解感冒等症状,口服,成人：一次10ml，每日3-4次。,妇产科手术,子宫切除术,漱口科,主要进行口腔清洁、口腔消毒、牙周病治疗等,口腔专用洁牙仪、口腔专用消毒器、口腔深层洁治仪等,主任医师、副主任医师、医师、护士,总胆红素（TBIL）,胃腔镜检查,胃腔镜检查是一种通过胃镜检查胃部的医学检查方法。,臂包,手足口病,全身,手术刀、钦口钳、吸引器,自费,稳定,复婚,自雇,唯一神论,全身麻醉,麻痹,A型,未开封,自然分娩,乳腺活检,足先露,肝功能异常,恶心,控制饮食、戒烟限酒、进行规律的有氧运动（如快走、游泳等）、服用药物（如阿司匹林、硝酸甘油等）。
1974-07,1974-07-18 20:54,1985,December,Anguilla,丽江市,新疆维吾尔自治区呼和浩特市沈北新沈阳路4867号,周畅,F,341323197104289139,+86 145 6572 4581,0563 2861 1249,群众,汉族,非全日制中等专业,蒙医学,鑫博腾飞信息有限公司,艺术指导,921f5dad-c85a-11ed-9a58-f4b5204be593,awang@yahoo.net,caed2d5d08929e2f7045b3bf34aa424087f796ad,fang.cn,206.122.19.219,9b66:80dc:9f85:692b:d2a7:2c37:5158:76a6,df:08:99:a4:0a:37,https://placekitten.com/812/965,ljg,赣B-A5BP4,2240974938019280,保定市商业银行,88389517-7,911311273256233295,北京专用通信局,上海市第六人民医院,郯城县第六实验小学,U4807285056,T15483125,OOW929812746099,G72903802,433021W0P2NAJQ7,199821237371620992655294464,146132423779049,410900100013780,LEWWDB332KN231068,131297441209,L2644826103028,6212798660952250368,参字第7360995号,赣交运管许可浔字360403716795号,军密认字第4384号,氟替卡松,处方药,眼用药,治疗眼部过敏性疾病、眼部炎症等,眼用,轻度至中度疾病：一日1-2次，每次1滴。严重疾病：每日3-4次，每次1-2滴。,神经外科手术,脊髓手术,心血管科,专业治疗心血管疾病，如冠心病、高血压、心肌梗塞等,心脏彩超机、动态心电图机、血流变仪等,主任医师、副主任医师、医师,红细胞压积,心电图,心电图（ECG）是一种检测和记录心脏电活动的医学检查。,敷料,烧烫伤,皮肤组织,手术钩、动脉钳,医疗补助,不稳定,丧偶,自雇,印度教,脊麻醉,重度疼痛,O型,未开封,剖腹产,磁共振成像,斜位,白细胞计数升高,疲乏,戒烟、减少空气污染、运动锻炼、使用药物（如吸入性支气管扩张剂、口服或吸入性类固醇等）等。
2008227,02时29分16秒,一九七二年,十二月,中国,香港特别行政区,天津市兴城市滨城郑路9751号,曾丽丽,F,350521196301184998,86 18080552434,0710-5541-967,中共党员,汉族,普通博士研究生,智能飞行器技术,艾提科信网络有限公司,通信电源工程师,721ba8dd-c85a-11ed-9dbc-f4b5204be593,lei74@outlook.org,33936d22c46b9e109c2da815144d7423a82b1bd3,xiulanbai.cn,119.78.195.208,abf7:5e98:25e3:1d57:f55e:39b2:f762:570f,2c:dd:4c:3d:f9:24,http://www.duan.cn/,chenli,赣KE9RZM7,3538030762648097,中国建设银行,22595254-7,Y1152801J3068UFQ9N,无线电管委会办公室,岳阳医院,菏泽市开发区陈集镇中沙海小学,L2335389769,T72340479,YQM370523271551,D37726231,5327237U0BUC3C4,200345883140701989720031232,148370214146883,410900100014041,LEWWDB332KN231128,192104957209,J5653510794510,6214571480698600448,沈字第5770299号,贵交运管许可贞字522325516189号,军密认字第7493号,莫西沙星,抗菌药,片剂,治疗泌尿系感染、呼吸道感染等,口服,成人：一次0.4-0.8g，每日2次,心脏手术,主动脉瘤切除术,营养科,为病人提供全面的营养顾问咨询服务,烹调机、营养成分测量仪、食品卫生检测仪器等,主任医师、医师、护士,低密度脂蛋白胆固醇,头部CT扫描,头部计算机断层扫描（头部CT扫描）是一种用X射线技术来创建头部图像的医疗诊断工具。,醋酸纳溶液,抑郁症,全身,手术刀、C光机、止血器,自费和医保结合,重症,离异,自雇,新教,静脉麻醉,中度疼痛,Rh阴性,已过期,产钳助产,乳房超声,横位,肺功能受损,胸痛,维持规律的作息时间、提供有趣的活动、保持社交互动，注意照顾患者的情绪和心理状态；根据症状使用相应药物，如乙酰胆碱酯酶抑制剂等。
1982-12,1982年12月31日13时18分,2010,四月,中国,江苏徐州,河北省惠州市吉区戴路s座,童柳,女,36073019740812717X,+86 15349637726,0554 5391 611,党员,汉族,全日制普通中专,核生化消防,东方峻景传媒有限公司,保镖,986072e0-c85a-11ed-b2c5-f4b5204be593,qyan@gmail.org,2d0932b52b78eeaecfba61bb3fccb6b24ab20e9b,52.com,67.97.220.95,a787:9071:923e:f9e5:338:8c:f169:7ee6,e8:32:59:31:63:6a,https://placekitten.com/302/911,jy,陕V-1XZF8,180062925498711,济南市商业银行,22394752-5,933506242734896229,湖南郴州工业信息化厅,北京市急救中心,广东培正学院,O8934336232,T93141957,ZKB450351326248,D37807986,2305001Q6RW7CX8,201246625620922996749238272,141451381168223,410900100013814,LEWWDB332KN231569,108034597209,J2265540154245,4367185831059049984,济字第9588951号,豫交运管许可孟字410883204584号,军密认字第3750号,对乙酰氨基酚,非处方药,片剂,缓解发热和轻度至中度疼痛等,口服,成人：一次0.5-1.0g，每日3-4次,泌尿外科手术,肾结石手术,血液科,专门进行血液疾病的诊治，如白血病、血小板减少性紫癜、再生障碍性贫血等,血液分离机、血细胞计数仪、免疫分型仪等,主任医师、副主任医师、医师、技师、护士,国际标准化比值,肺功能检查,肺功能检查是一种用于评估肺部功能和疾病的医学检查方法。,石膏剪,挤压伤,肢体,扩张器、显微镜、手术钩,医疗救助,结束隔离,丧偶,自雇,基督复临安息日会,表面麻醉,重度疼痛,AB型,已过期,产瘤助产,磁共振成像,斜位,心电图异常,闭经,按时、按量使用抗结核药，密切监测用药效果，注意肺结核菌的扩散和感染。定期检查肝功能、血常规；保证充足的营养、调整饮食。
2021年10月,10月05日 00:30:35,一九九二,July,Fiji,广东河源,吉林省红市沙市唐路P座,段晶,女,440100199009173257,+86 134-3418-8259,0554-6865-134,群众,汉族,自考,核工程与核技术,浦华众城传媒有限公司,电子商务,bf51de23-c85a-11ed-bccb-f4b5204be593,nazhang@139.com,903a780a1b4cc0f7ed0de67cab80f61e77d5fda23f31dcbe35652318ea5a012b,08.net,46.168.41.202,8916:4d4d:a774:7b84:3e59:317b:2379:6053,c5:fb:6b:88:14:41,https://www.yf.cn/,ljf,WJ蒙89253,3577458956136573,兴业银行,JULJ3YK0-X,92610322496333086W,山西吕梁党史研究室,吉林华侨医院,贵州电力职业技术学院,M9149218377,T99013972,EPE796929905153,G64792212,341722T8A8C2CR4,200545065612700989572251648,130232324142939,410900100013755,LEWWDB332KN231555,111157826209,L5356000073821,6215595062583189504,证字第3222912号,赣交运管许可浔字360403716795号,军密认字第1878号,硫酸氨溴索,处方药,口服液,缓解支气管哮喘、慢性阻塞性肺疾病等,口服,成人：一次5ml，每日2-3次。,妇产科手术,人工流产手术,精神科,专业治疗精神疾病，如抑郁症、焦虑症、精神分裂症等,脑磁共振成像仪、脑电图仪、神经电生理检测系统等,主任医师、医师,平均血小板体积,光动力疗法,光动力疗法是一种治疗皮肤疾病和其他医学问题的方法，其中使用特定类型的光线和光敏剂。,丁字针,糖尿病,全身,手术刀、手术钩、止血钳,医疗救助,无,丧偶,离职,基督复临安息日会,表面麻醉,重度疼痛,AB型,已过期,自然分娩,磁共振成像,斜位,肺功能受损,多尿,手术、放疗、化疗等治疗方式，具体方案根据患者的病情和病理特征进行选择。
1996-08,08月09日19时29分16秒,2015年,October,Christmas Island,黑龙江省,浙江省荆门市涪城李街,韦雷,男,630223720717639,+86 13677506595,0934-239-364,党员,汉族,普通中等专业,智慧农业,数字100信息有限公司,房地产中介,52260bd6-5f4c-4d49-9af7-08b25391b568,yang60@outlook.com,d937f993ac286f18882966f9b7b30df3a52c2ed439a4a021f9aace08f46f0dfc,gangfang.cn,101.30.150.7,6dc6:b2a:2fcb:a048:bdc5:72ce:5286:208c,c1:74:06:2d:cd:f8,https://www.19.cn/,zxf,WJ辽20762,3591198201474641,交通银行,9RFA6LG5-3,92420505404058145M,浙江省法制办,大连大学附属中山医院,包头钢铁职业技术学院,X2766531194,T50437240,JZU011382536176,E87355429,3207013GWRRC7D4,200944094142729003810684928,142321083868886,410900100013836,LEWWDB332KN231875,195934894209,L6773826878209,5489431861185859584,南字第3704620号,皖交运管许可凤字340421920547号,军密认字第9678号,卡托普利,处方药,片剂,降低血压、治疗心力衰竭等疾病,口服,成人：每日用量因人而异，一般起始剂量为6.25mg，每日2次，逐渐增加剂量，最大量为50mg。,整形手术,吸脂减肥手术,急救中心,进行各种突发疾病和意外损伤的急救救治,急救车、急救箱、快速心电监护仪等,主任医师、副主任医师、医师、护士,免疫球蛋白M（IgM）,脑部CT检查,对脑部进行CT扫描，了解患者脑部状况,心肌钳,心包积液,心肌系统,手术镜、显微镜、刀片,医疗救助,建议隔离,已婚,自雇,无神论,表面麻醉,无痛,AB型,已过期,自然分娩,乳腺触诊,头先露,肺功能受损,黄疸,手术、放疗、化疗等治疗方式，具体方案根据患者的病情和病理特征进行选择。
1999-4-06,07:15:57,1987年,2月,CN,福建莆田,黑龙江省邯郸市和平李路,侯畅,f,430821195110146288,15102931693,0917 202 109,民建会员,汉族,全日制普通专科,物业管理,创汇科技有限公司,主管,452c4402-a24b-47b9-8ac1-c2d41c3ff7e4,ming39@aliyun.com.net,775a31aa1ec692456f4c9e0233b95549,xiajun.cn,99.37.199.161,5a37:dd6a:e897:48c1:68f5:3bf3:c2d3:64ba,05:b3:6b:bf:76:90,https://placekitten.com/562/692,zhangjinfeng,陕N5JEHG,213194504476072,威海富民村镇银行,54447525-8,93232721770067172K,山西省保密委员会办公室,石家庄市傅山医院,牡丹区安兴镇吕楼小学,J1371211446,T06543376,UCK545772191693,G53176568,430301T0H9RH3G4,202065310360480989178757120,146140900657507,410900100013957,LEWWDB332KN231522,114174311209,J5828942083954,6283369424525379584,北字第9046822号,冀交运管许可双字130803712683号,军密认字第5087号,对乙酰氨基酚,非处方药,片剂,缓解发热和轻度至中度疼痛等,口服,成人：一次0.5-1.0g，每日3-4次,泌尿外科手术,前列腺切除术,儿科,专业治疗儿科疾病，如感冒、发烧、呼吸道感染等,幼儿体检设备、哺乳椅、婴儿床等,主任医师、医师,平均红细胞血红蛋白浓度,白细胞计数,白细胞计数是一种医学检查，用于测量血液中白细胞的数量。,止血披,智齿冠状切开手术,口腔,缝合针、骨钻机,自费,未知,未婚,实习,天主教,全身麻醉,轻度疼痛,A型,未开封,产瘤助产,乳腺X线摄影,臀先露,肝功能异常,呕吐,戒烟限酒，控制饮食，规律锻炼，按照医生的嘱咐使用降压药物等。
01月2日,1976-01-02 10:27:30,1990年,十二月,中国,云南曲靖,北京市博市滨城齐齐哈尔街5632号,傅玉英,女,140727194108091299,8615999425751,085571355656,民革党员,汉族,函授,音乐表演,创联世纪科技有限公司,组长,dbead958-0f3d-4620-a8ee-688f41a16f70,nazhou@sohu.com,c99900947d064a22959504631121731f7b696e99,xiulanqiao.net,209.1.126.131,daf6:1e49:732:9964:ff28:c685:8622:48a9,12:e0:43:fe:6a:23,https://placekitten.com/684/600,wanghuan,鲁C J27AV,213193215302684,新华村镇银行,54717871-8,9246010861960756AE,青海省省委机关报,潍坊医学院附属医院,中国矿业大学（北京）,B1442306594,T02431249,EHO061236010908,P58187100,5401037G4KYYF76,201854060431081008579739648,141451101148518,410900100013349,LEWWDB332KN231200,132997680209,J3726019786058,6231318486791230464,证字第9193349号,粤交运管许可霞字440803987823号,军密认字第3515号,特钠西泮,处方药,片剂,治疗焦虑症、惊恐障碍等疾病,口服,成人，首剂0.5～1.0mg，1日2～3次，维持剂量视病情逐渐减量，一般不超过每日10mg。,泌尿外科手术,肾穿刺术,营养科,专门进行营养评估和个性营养调整，如儿童生长发育营养、产妇营养、老年营养等,口服营养液、营养支持仪、热卡计等,主任医师、医师、技师、护士,脂蛋白B（APOB）,视网膜病变检查,视网膜病变检查是一种检查眼底和视网膜健康的医学检查方法。,血袋收集器,胸膜炎,呼吸系统,腔镜、钳子、手术剪刀,自费,正常,未婚,自雇,天主教,全身麻醉,轻度疼痛,A型,未开封,产瘤助产,乳腺X线摄影,臀先露,白细胞计数升高,乏力,禁忌饮酒，注意控制食物的脂肪含量。进食时应分次进食，避免辛辣、油腻等食物。
八月二十日,1985/08/20 13:13:13,一九八三年,四月,斯洛伐克,重庆市,江苏省无锡市北塘区惠山街道蓉湖新村社区,吴瑞,M,530425197403076259,86 137-9648-1717,0766 522 202,群众,汉族,非全日制博士研究生,服装与服饰设计,惠派国际公司网络有限公司,纺织,806b6030-d712-4c3f-b0b4-3ad3215394a1,shaofang@189.org,fb51394e7dda82514243ff204cd389b7,guoyin.cn,49.116.121.55,62ec:2abe:5a12:e15e:8144:33fc:4d1a:3601,97:42:5b:fc:af:91,http://01.cn/,lidongmei,WJ桂20940,345502101123197,中国农业银行,25715734-5,1262110222N9N3YC0Q,研究室,苏大一附院,遵义医药高等专科学校,H5596901723,T56759689,EKF820895511639,D90991541,220523XEXA8F523,20193159251050019600808315X,144652201564690,410900100014143,LEWWDB332KN231641,154643136209,L1367721186697,6224503089544890368,成字第2203079号,冀交运管许可景字131127307208号,军密认字第2231号,莫西沙星,抗菌药,片剂,治疗泌尿系感染、呼吸道感染等,口服,成人：一次0.4-0.8g，每日2次,骨科手术,股骨干骺增生切除术,心理咨询科,提供心理咨询、心理测评和心理治疗等服务,心理问卷调查系统、心理个人测试仪、放松治疗仪等,主任医师、心理医师,C-反应蛋白,颈动脉超声,颈动脉超声是一种使用超声波技术来检查颈部动脉的医学影像检查方法。,玻璃针,膀胱癌,泌尿生殖,导丝、注射器、吸氧机,自费,建议隔离,未婚,离职,天主教,全身麻醉,轻度疼痛,A型,未开封,自然分娩,乳腺X线摄影,臀先露,血糖水平高,视力模糊,宜避免接触变态反应源，如花粉、毛发、尘螨等。要嘱患者学会正确使用雾化器和吸入器的方法，保持低盐低脂饮食习惯。
1972 12 19,01时40分29秒,1983年,February,秘鲁,珠海,江苏省玉珍市安次武汉路3512号,杨林,Male,320206199311222562,+86 14731473137,0977 2796 851,九三学社社员,满族,普通硕士研究生,智能地球探测,快讯传媒有限公司,酒店旅游,b15442ce-c85a-11ed-ab14-f4b5204be593,xiuyingchen@aliyun.com.com,5972382918114fa7c2ca50c3dd50945a,17.cn,27.230.151.197,e7ea:c20a:4c75:bb1b:9828:e28f:1b55:2258,37:a0:0a:82:08:1f,https://80.cn/,humin,皖D-R7ZFB,4896155898903175,徽商银行,DEHRU2C2-3,52452123G3J90H20XY,上海市交通运输厅,贵州省人民医院,长沙幼儿师范高等专科学校,L1354841709,T39796255,GCT047087499341,D01516037,4414214JCYLCD79,199861494410310995092176896,147413027550367,410900100013252,LEWWDB332KN231891,153425450209,J2077966649148,6229471218075070464,南字第3704620号,粤交运管许可斗字440421583152号,军密认字第6378号,布地奈德气雾剂,处方药,气雾剂,治疗哮喘等呼吸系统疾病,雾化吸入,剂量因人而异。,肝胆外科手术,肝移植手术,精神心理科,主要进行精神疾病的诊治和心理治疗，如精神分裂症、抑郁症等,心理评估仪、精神药物、电休克治疗仪等,主任医师、心理医师、医师、技师、护士,雌二醇（E2）,乳腺X线检查,对女性乳腺进行X线照射，了解乳腺结构和异常情况,测血压仪,月亮经血管扩张素瘤,消化系统,手术钩、器械盘、钳子,自费和医保结合,异常,复婚,学生,祖先崇拜,静脉麻醉,麻痹,Rh阴性,已过期,产钳助产,乳腺活检,足先露,肺功能受损,视力模糊,维持规律的作息时间、提供有趣的活动、保持社交互动，注意照顾患者的情绪和心理状态；根据症状使用相应药物，如乙酰胆碱酯酶抑制剂等。
二零零零年九月二日,11:58:20,2019年,九月,新加坡,江苏省,山东省菏泽市成武县成武县苟村集镇高庄村,赵鹏,男性,632723199610081884,+86180-1735-5126,0911-2750-701,共青团员,汉族,博士研究生,会展,襄樊地球村网络有限公司,销售人员,9e2a6b62-c85a-11ed-878c-f4b5204be593,hshen@163.net,37fcc6b95d464f4e8e97962a7e7fa510,kongyuan.cn,176.59.147.5,a5b7:964a:89df:6946:efdc:544a:7295:22c2,a3:63:40:88:cc:ee,https://placeimg.com/590/184/any,cw,WJ津2516S,4697706532720214764,贵阳商业银行,E898GP7Y-3,913416231939531145,湖北宜昌组织部,昆明医学院第一附属医院,莒南县道口镇中心小学,P6883840666,T24565259,EGS504608942111,G53009234,330822RWTKX5577,201463739220801016289034240,110142326610704,410900100013894,LEWWDB332KN231462,100302585209,L3785173143119,6210143337856789504,济字第0959979号,陕交运管许可渭字612101617050号,军密认字第1102号,奥氮平片,处方药,片剂,治疗精神分裂症、心境障碍等疾病,口服,成人：口服，每次10mg，每日1-2次。,妇产科手术,子宫肌瘤切除术,骨科,主要进行骨科手术和骨科治疗，如骨折、关节置换、脊柱矫正等,手术显微镜、数字成像系统、公共型关节康复机等,主任医师、副主任医师、医师、技师、护士,白细胞,骨折修复手术,骨折修复手术是一种治疗骨折的手术方法，通常需要重复访问医院和医生进行检查和治疗。,血压计,胃癌,消化系统,剪切钳、器械盘、手术刀,医疗救助,确诊,未婚,在职,灵性主义,表面麻醉,轻度疼痛,AB型,已过期,自然分娩,乳腺X线摄影,臀先露,心电图异常,疲乏,手术、放疗、化疗等治疗方式，具体方案根据患者的病情和病理特征进行选择。
五月六日,1998 05 06 21:47:55,二零零五,八月,不丹,天津市,陕西省梧州市清城龙街6183号,周帅,Male,510105040527851,+86 18268925337,08409227241,中共党员,汉族,全日制初级中学,公安视听技术,图龙信息信息有限公司,叉车司机,1093a6e1-2536-4b0c-b0aa-43221d16085b,yangqian@aliyun.com.com,e09fa7752c63f573c3f6e602743a7b96311568fc,songlin.cn,200.136.245.141,e888:b019:de69:e3ea:bad4:62ae:a98c:196f,5d:b4:a8:a3:33:5c,https://placekitten.com/287/221,liguizhen,藏U06QV8K,2244743410408600,常熟农村商业银行,42366294-6,934418236046649242,河北商务厅,浙江省儿童医院,河北工艺美术职业学院,Q7977327007,T71820770,QXW804343713723,E78152025,2307222R02CX5A4,20163165241100120060918674X,130410304391818,410900100014203,LEWWDB332KN231186,182760145209,L6129664960085,3568399171292239872,沈字第2449681号,桂交运管许可兴字451302785930号,军密认字第6156号,氨氯地平,处方药,片剂,降低血压、治疗稳定型心绞痛,口服,成人：每日1次，剂量因人而异。,妇产科手术,腹腔镜下脱垂修补术,整形外科,主要进行各种整形手术和美容治疗，如隆鼻、隆胸、抽脂等,激光美容治疗仪、整形手术器械、美容针剂等,主任医师、副主任医师、医师、技师、护士,免疫球蛋白M（IgM）,气管插管,将插管置于气管中，维持呼吸功能，应用于麻醉、手术等情况,一次性手术刀片,肌少症,全身,手术钳、电剪刀、止血器,自费和医保结合,待定,已婚,无业,道教,静脉麻醉,无痛,Rh阴性,已过期,剖腹产,乳腺触诊,头先露,尿蛋白阳性,情绪不稳,忌烟酒、注意饮食素质和卫生干净、控制脂肪等药物的摄入、摄生保健等。
二零二一年二月二日,3时24分37秒,一九九六年,4月,cn,运城市,贵州省呼和浩特县六枝特陈路,薛璐,f,440233196905051679,15383685357,0798-4990-4264,团员,汉族,专科,捷克语,菊风公司科技有限公司,物流总监,cba7efa2-72d3-46f5-8e06-2997be1c4887,xialu@aliyun.com.org,7408b00e8eded626222cf17778e977e90c93b408,jielin.cn,176.195.47.209,90d3:2340:b50f:9d69:6700:14d2:5cb7:7e3,f9:60:c0:9a:ce:21,http://www.ps.cn/,liguizhen,吉MZXJ3EL,4375430532020,厦门国际银行,98247635-7,12350202C2F4DHJW6H,湖北外办,无锡市第一制药有限公司卫生所,浙江师范大学行知学院,M4717708658,T11438211,TYM808737882579,P51208288,4106039C49XFW0X,200722325370911008464306176,147330901255037,410900100013298,LEWWDB332KN231232,111621261209,L6410593859192,6207080721002290176,南字第4148021号,鄂交运管许可随字420681528145号,军密认字第5853号,左乙拉西坦,处方药,片剂,治疗癫痫等疾病,口服,成人：开始用量1次0.5mg，每天逐步增加到每次1～2mg，每日2次。,泌尿外科手术,前列腺切除术,儿科,主要治疗小儿疾病，如发热、感冒、呼吸道感染等,小儿呼吸机、新生儿黄疸仪、糖尿病专用胰岛素注射器等,主任医师、副主任医师、医师、护士,潜血,脑部核磁共振成像,脑部核磁共振成像（MRI）是一种用于检查脑部结构和功能的无创性医学影像检查方法。,一次性口罩,阑尾炎,腹部,手术钩、器械盒、吸痰器,自费,确定,复婚,学生,唯一神论,全身麻醉,麻痹,A型,未开封,产瘤助产,乳腺活检,足先露,血糖水平高,心悸,戒烟限酒，控制饮食，规律锻炼，按照医生的嘱咐使用降压药物等。
2021/01,01月06日22时8分,1998年,11月,CN,江西,吉林省太原县西峰杨路m座,姜想,Male,640100940531847,15571941598,044059923597,群众,汉族,电大,斯洛伐克语,维旺明科技有限公司,地勤人员,87862c9e-c85a-11ed-991e-f4b5204be593,jun65@189.org,78e9b1e5005da6813c90c9ce8bb031449dab4975,li.cn,26.91.52.200,1fc7:8a79:fbbd:4051:f34f:2b2c:b4cf:81e1,b0:0f:af:7c:07:6b,https://placekitten.com/543/696,lx,WJ辽1381J,180094709295823,中国农业发展银行,92316399-1,91610721MXJ5PEF42Y,天津市文史馆,武汉市妇女儿童医疗保健中心,济南市南山实验小学,K6518179144,T24946450,SDO419877595651,E70253023,6523014635GLUX7,201031635452225998999781376,130510000109191,410900100013251,LEWWDB332KN231185,114859285209,L1986710272018,6223475400482979840,沈字第9266547号,赣交运管许可金字362528119645号,军密认字第3785号,利托那韦/利巴韦林,处方药,片剂,治疗艾滋病毒感染，控制病情进展,口服,成人：每日2次，每次2片，至少应在餐后或零餐时服用。 ,脑外科手术,脑动脉瘤夹闭术,泌尿外科,主要治疗泌尿系统疾病，如肾亏损、膀胱肿瘤等,肾脏X线机、超声波鼠、膀胱贴片等,主任医师、医师、技师、护士,蛋白质,大肠镜检查,大肠镜检查是一种通过大肠镜来检查结肠和直肠组织的医学检查方法。,手术床垫,子宫脱垂,盆腔,手术刀、手术钩、除颤器,医疗救助,未知,已婚,离职,无神论,表面麻醉,无痛,AB型,已过期,产瘤助产,乳腺触诊,头先露,尿蛋白阳性,便秘,休息、维持水分、按时服药、进行必要的氧气治疗、避免交叉感染等。
19860626,00:52:52,2001,六月,莱索托,辽宁省,辽宁省梧州市上街淮安路l座,王艳,f,370634195103094744,181 2818 0073,08267221851,团员,汉族,职业高中,船舶与海洋工程,诺依曼软件信息有限公司,拓展专员,f679db04-b14e-4ce7-9787-587966a3b520,jing94@yahoo.org,0119ca52c6a50a0ad5e5ae68e5417a5f,juncao.cn,167.251.114.202,ac3b:2ab:3b53:a64a:51ad:9fa9:e48e:17cf,ac:85:46:35:e9:ff,https://placekitten.com/675/882,wangjinfeng,辽C-8X6HV2,4543914954982,满地可银行,5QL38U81-7,9121090513310599A2,四平市政策研究室,江苏省第二红十中医院,山东农业大学,V5118173801,T74600208,XHR195014667011,D40366530,310118T4JFBEAP0,200636508230404985044598784,141513428615482,410900100013542,LEWWDB332KN231998,115875500209,L7053149985041,9400313637394659328,证字第0656139号,新交运管许可和字652827532121号,军密认字第2101号,奥美拉唑,处方药,胶囊,治疗胃、十二指肠溃疡等疾病,口服,成人：一次20mg，每日1次，一般疗程4-8周。,整形手术,植入硅胶隆鼻术,口腔修复科,主要进行各种口腔修复手术，如牙齿矫正、牙齿根管治疗等,口腔X线机、口腔瓷体镍钛材料、口腔贴面材料等,主任医师、医师、技师、护士,C-反应蛋白（CRP）,子宫颈抹片检查,子宫颈抹片检查是一种通过子宫颈抹片来检查女性生殖健康的医学检查方法。,止痛针,甲状腺炎,头颈部,手术马克、探测器、吸引器,医疗补助,不稳定,复婚,实习,耶和华见证人,脊麻醉,麻痹,O型,未开封,产钳助产,乳腺活检,足先露,肝功能异常,气促,忌食辛辣、酒类食品，避免过度劳累、保持情绪稳定，同时需要每年进行定期检查。
1971-8-31,06:34,2014年,8月,中国,辽宁省,辽宁省葫芦岛市龙港区玉皇街道海翔社区,柴欢,M,33040019331210977X,+86157 1184 8977,0472-517-8158,普通居民,壮族,全日制普通初中,能源与动力工程,菊风公司传媒有限公司,轨道交通工程师,a2b45e69-c85a-11ed-a511-f4b5204be593,lqiu@sohu.org,de047e867e8f9dafa8db2f6a98a68b139b47aa30fff6ef2940678314f425320f,kangchang.cn,157.41.118.198,1287:dfa:3595:efd5:9e9e:ea2f:bc0c:34c4,cd:cc:ed:6d:43:0f,https://sa.net/,zhangli,鄂K-RNX8QM,4152548662233,满地可银行,J7DGJ7N2-8,921501238302176125,河南省社会主义学院,昆明医学院第一附属医院,滕州市东郭镇李岭小学,C4422855912,T45321403,JMW050137525963,G21505029,659002MLGR9MGE6,199936028441522996944830464,148452824488422,410900100014093,LEWWDB332KN231608,121612788209,L5350098493504,6231318486791230464,广字第5676788号,贵交运管许可贞字522325516189号,军密认字第9780号,替比夫定,处方药,口服液,治疗高血压等症状,口服,成人：一次5-10mg，每日2次。,眼科手术,白内障联合青光眼置换手术,眼耳鼻喉科,综合性科室，主要治疗眼、耳、鼻、喉等疾病,鼻喉光镜、鼻窦电子内窥镜系统、眩晕治疗仪等,主任医师、副主任医师、医师、护士,尿素氮,腹部CT,腹部计算机断层扫描（腹部CT）是一种用X射线技术来创建腹部图像的医疗诊断工具。,游离器械架,甲状腺瘤,头颈部,血压计、导管、吸痰器,公费医疗,稳定,未婚,无业,巫教,硬膜外麻醉,轻度疼痛,Rh阳性,已开封,产瘤助产,乳腺X线摄影,臀先露,血压偏高,乏力,不适宜饮用大量水分，更不能喝酒。根据情况选择盐的限制，控制 proteinuria、适度运动、避免中药乱用。
二零零五年九月,2005-09-23 03:11,一九七二,January,牙买加,西宁市,江西省新余市分宜县操场乡塘西村,王楠,男性,150102196806140263,14771379386,0438-734-146,中共党员,汉族,夜大,卫生检验与检疫,艾提科信网络有限公司,主播,7b6664e9-c85a-11ed-a681-f4b5204be593,vxie@sina.net,31e55c08151faf22abd57f75d95b17de,ming.cn,215.110.177.35,439:aceb:5e47:5971:1f46:8738:e0d7:a941,9b:44:c4:24:d3:f2,http://xiulanjing.cn/,wulin,WJ冀9084S,4637967027755134,中国农业银行,86117396-6,91210202TNWAXXD05K,儋州市民政厅,重庆市第二人民医院,齐鲁工业大学,R8820493088,T55795704,BDS235815116670,G55857801,141024C91DDTJT2,200950747142328003353116672,144433030925040,410900100014016,LEWWDB332KN231389,136437815209,J1632651727406,6250954206095620096,后字第5608268号,鄂交运管许可掇字420804133160号,军密认字第5748号,阿莫西林,处方药,片剂,治疗肺部感染、尿路感染、伤寒等疾病,口服,成人：每次0.25-0.5g，每日3次，饭前或饭后30分钟服用。,呼吸内科手术,支气管肺泡灌洗术,血液内科,主要进行各种血液疾病的诊治，如急性白血病、淋巴瘤等,造血干细胞采集器、自动细胞分离仪、多功能血常规仪等,主任医师、副主任医师、医师、技师、护士,降钙素原（PCT）,腿部血管超声,腿部血管超声是一种使用超声波技术来检查腿部血管和血流的医学影像检查方法。,救生衣,眼斑,皮肤组织,手术镜、手术钩、手术刀,公费医疗,恶化,已婚,在职,摩门教,硬膜外麻醉,无痛,Rh阳性,已开封,产瘤助产,乳腺触诊,头先露,血脂异常,胸痛,不适宜饮用大量水分，更不能喝酒。根据情况选择盐的限制，控制 proteinuria、适度运动、避免中药乱用。
3月27日,二零一九年三月二十七日一十三时四十四分,一九九零,10月,Malaysia,中山市,河南省红市海港谭街,张凤兰,Female,542200193805039757,138-8279-8016,0835-3432-6409,民盟盟员,汉族,夜大,特种能源技术与工程,创亿传媒有限公司,旋压工,2f0deac5-8d76-413f-9fcd-13ac4f446998,cliao@189.org,c0c5e704ca29e0b96f9f19973d2b8aee,taofang.org,93.188.121.144,1f4a:912a:695f:187c:477:ade6:1971:249e,8d:89:25:dd:6e:3f,http://www.nalei.cn/,lgl,鲁Z-L4AUZ,4055907339436265,宁波银行,13649684-2,93622926876840768K,山西省社会主义学院,广州市工人医院,烟台旅游学校,M6680288392,T23461548,BOZ745424556983,G80250115,612621NR2T46E2X,200321712370782003424919552,144210903516399,410900100013765,LEWWDB332KN231579,194680630209,L8015871746622,4984511576291279872,装字第1299921号,粤交运管许可梅字441402775618号,军密认字第0730号,多潘立酮,处方药,片剂,缓解消化不良等症状,口服,每次1片，每日3-4次。,耳鼻喉科手术,人工耳蜗植入术,脑外科,主要进行脑部手术和脑部疾病治疗，如脑膜瘤切除、颅内嗜酸性肉芽肿切除等,显微手术镜、神经影像仪、颅内压监测仪等,主任医师、副主任医师、医师、技师、护士,甘油三酯（TG）,B超检查,超声波检查是一种使用超声波技术来检查人体内部器官和软组织的医学影像检查方法。,手术针,尾椎脊髓元瘤,脑部,电切器、手术马克、心电图机,保险,重症,未婚,学生,佛教,局部麻醉,轻度疼痛,B型,已开封,产钳助产,乳腺X线摄影,臀先露,血脂异常,多尿,制定合理的饮食计划，避免食用高嘌呤食物，如动物内脏、肉类、海鲜等。保持适当的运动量，避免过度劳累。
2001-06,06 11 16:49,1981,October,伊拉克,长沙,宁夏回族自治区福州市秀英侯街s座,刘峰,男性,610423199108068770,13142387372,05565458305,共青团员,汉族,非全日制初中,亚美尼亚语,易动力网络有限公司,停车管理员,917ce63b-c85a-11ed-bd97-f4b5204be593,xialuo@139.com,c60d994028bc83038a80d1d4beadb0b7,xia.cn,82.164.106.116,2bea:f003:743:e0f2:ea15:11a2:ff24:9f97,cd:b3:9b:b3:ac:22,https://dummyimage.com/423x479,xujianhua,琼S-6XL105,6011549783831068,花旗(台湾)银行,58954973-2,11652722Y3TU6U097K,海南共青团,宁波市第一医院,聊城大学东昌学院,C9668645851,T42654668,GRK590518500135,G42020262,1306350U6CU4D33,200546766152199993871564800,142350500726588,410900100014154,LEWWDB332KN231380,199390444209,J8994668287451,6255988601628550144,证字第4831760号,沪交运管许可普字310107572535号,军密认字第1262号,克拉霉素,处方药,片剂,治疗细菌感染,口服,每日1-2次，剂量因病情而异。,神经内科手术,颈丛神经切断术,营养科,主要进行患者营养状态的评估和调节，如糖尿病、高血压等,营养配餐仪、体重秤、腰围仪等,主任医师、副主任医师、医师、营养师、技师、护士,生长激素（GH）,骨密度检查,采用X光或超声波检查骨头钙化情况，评估患者骨质状况,纱布,甲瓦藻中毒,全身,手术刀、手术钳、除颤器,医疗补助,疑似,复婚,离职,耶和华见证人,脊麻醉,麻痹,O型,未开封,剖腹产,乳腺活检,足先露,血糖水平高,乏力,戒烟、减少空气污染、运动锻炼、使用药物（如吸入性支气管扩张剂、口服或吸入性类固醇等）等。
201754,08:38,1971,三月,中国,北京,河南省秀兰市双滦荆门路s座,侯飞,Male,420624196509054503,+86188-8630-0458,077424938740,共青团员,汉族,电大,纺织工程,富罳网络有限公司,新能源电控工程师,d1f5307e-c85a-11ed-ae3c-f4b5204be593,chengming@163.org,5d35dc399e0d7e7eed9f3126b51c276b7424a46d3339836aa37f0753f560c11e,31.cn,196.37.22.24,44a9:8bd0:5244:a895:be55:d475:877c:4d04,7d:65:e7:0e:60:dd,https://picsum.photos/727/590,wangcheng,渝V Y8WT6,2700819130916275,花旗中国银行,18BL3NXB-5,93152923129268948Y,辽宁抚顺组织部,上海交通大学附属瑞金医院,浙江育英职业技术学院,B0146340257,T40046365,CXE219990455578,P17424113,41030194M9D0TY2,200423029650103006323015680,147542426596271,410900100013559,LEWWDB332KN231550,151058538209,L6129664960085,6212677338235329536,后字第4605727号,赣交运管许可乐字361025998650号,军密认字第3626号,舒尼替尼,抗癌药,胶囊,治疗慢性髓细胞白血病等疾病,口服,成人：一次50mg，每日2次。,胸外科手术,食管癌根治术,疼痛科,对各种疼痛进行诊断和治疗，如慢性疼痛、神经性疼痛等,缓解疼痛用药、电疗仪、诊断设备等,主任医师、医师、技师、护士,类风湿因子（RF）,血常规检查,检查血液中的各项指标，了解患者身体状况,除颤器,肝病,肝胆系统,麻醉机、吸氧机、手术剪刀,医疗补助,隔离期,未婚,无业,泛神论,脊麻醉,轻度疼痛,O型,未开封,产钳助产,乳腺X线摄影,臀先露,血糖水平高,气促,忌食刺激性食物、非甘油类泻药，并按照医生嘱咐使用相应药物。
2012216,23:15:41,二零一七年,三月,中国,山西运城,河南省濮阳市华龙区新习乡道口村,罗明,男性,630223910402717,15101159934,0535377611,中共党员,汉族,非全日制普通初级中学,波斯语,良诺传媒有限公司,高级客户经理,8099fec9-c85a-11ed-8de9-f4b5204be593,jiaming@126.com,69caec4d24bc82f042bc09979c5bd916,tao.cn,19.137.240.211,e82b:b611:8e56:ed02:acfc:663f:f3fa:3459,94:38:d1:3b:4f:8c,https://placekitten.com/270/451,wangmin,桂A-98Q7NB,3510540755407329,廊坊融商村镇银行,68732584-7,12350202C2F4DHJW6H,岳阳贸促会,大理市第一人民医院,四平职业大学,B1659783563,T93469648,XOL743469016279,E04577040,3402008EFT9PU52,201031635452225998999781376,147441225423299,410900100013530,LEWWDB332KN231260,148050649209,J3070144129094,6217334744987899904,参字第3314420号,苏交运管许可启字320681105002号,军密认字第4620号,注射用氨基葡萄糖,营养药,注射剂,补充机体所需的氨基酸等营养物质,静脉滴注,剂量视病情而定,妇产科手术,输卵管通液术,乳腺科,主要治疗乳腺疾病，如乳腺增生、乳腺癌等,乳腺X线机、乳腺超声仪、乳腺磁共振仪等,主任医师、副主任医师、医师,PH值,血常规检查,血常规检查是一种用于评估血液健康和相关疾病的医学检查方法。,硬膜针,脑出血,头颈部,手术器械盘、手术钩、拔钩器,自费和医保结合,中度症状,未婚,实习,神道教,静脉麻醉,轻度疼痛,Rh阴性,已过期,产钳助产,乳腺X线摄影,臀先露,尿蛋白阳性,失眠,维持规律的作息时间、提供有趣的活动、保持社交互动，注意照顾患者的情绪和心理状态；根据症状使用相应药物，如乙酰胆碱酯酶抑制剂等。
10月17日,2006 10 17 06:36:37,1985,八月,Sweden,湖北省,海南省北京县东丽辛集街,刘峰,m,360924195610045199,86 15393944673,0827-3744-4300,台盟盟员,汉族,非全日制普通本科,陶瓷艺术设计,四通传媒有限公司,SPA 技师,56b050dc-bf0e-4060-a225-cd433e652f8f,juandong@gmail.net,5187488f2604b9ed3b06149a4a2a03953e8d1b9fae825b9226e523f7b55542be,gaojiang.cn,217.160.85.37,4786:5452:ae83:f4b6:2381:d90b:28ea:b358,ee:78:b8:f1:99:be,http://ui.cn/,xh,新U-SC1YA,4131600081246255403,巴黎银行,38695346-0,52653221E3165W0X5P,社会主义学院,郑州大学第二附属医院,菏泽市开发区岳程辛集小学,H9142091019,T87955818,PYL011699762739,P78623408,341001TR9QPARX5,199862449532200992513196032,147622625912231,410900100013687,LEWWDB332KN231818,124144015209,J3388202018497,6222453355855979520,海字第8974852号,闽交运管许可柘字350926851585号,军密认字第5478号,硝苯地平,处方药,片剂,治疗高血压、冠心病等疾病,口服,成人：每次10mg，每日3次，每次用量可增至20mg。,胃肠外科手术,下消化道内窥镜检查,普通外科,主要进行普通外科手术，如胃肠道手术、甲状腺手术、乳腺手术等,手术室、外科手术器械、镊子、剪刀等,主任医师、副主任医师、医师、技师、护士,白蛋白/球蛋白比值（A/G）,尘肺病检查,尘肺病检查是一种通过评估呼吸系统的功能和健康来检测尘肺病的医学检查方法。,铁夹,子宫肌瘤,盆腔,导管、探测器、手术马克,公费医疗,建议隔离,丧偶,退休,图腾崇拜,硬膜外麻醉,重度疼痛,Rh阳性,已开封,产瘤助产,磁共振成像,斜位,C-反应蛋白升高,恶心,饮食补钙、户外运动、避免长期服用激素和抗癫痫等药物。
一九八一年六月二日,十三时九分三秒,1976年,二月,中华人民共和国,广西壮族自治区,云南德宏傣族景颇族自治州陇川县勐约乡瓦幕村,王凯,Male,360301195404242944,8618766208126,0511 770 3968,团员,汉族,函授,电信工程及管理,时空盒数字科技有限公司,木工,912ac981-c85a-11ed-9814-f4b5204be593,juan30@qq.org,d5c8efcdafdba0a5d254e17126f59042,xia.net,36.159.175.151,9af4:7b70:7d03:4965:ec2f:bee2:7fbc:449a,f0:bc:05:e6:16:10,https://dummyimage.com/860x978,wguifang,豫UCP2YKU,30561647332308,满地可银行,25542816-4,912202023436325792,阿里地红十字会,郴州市第一人民医院,福建卫生职业技术学院,U5318359352,T40709941,JXZ480096879262,G33894207,542526NU03JDY13,201345436440101014508404736,148361025331009,410900100014103,LEWWDB332KN231635,161239976209,L5381824783883,6250066257001889792,装字第9016170号,皖交运管许可霍字342427232038号,军密认字第5102号,维生素C,非处方药,片剂,养护身体、增强免疫力等,口服,每次1片，每日2-3次,心脏手术,动脉导管闭合术,呼吸内科,专业治疗各种呼吸系统疾病，如肺炎、肺结核、哮喘等,呼吸机、动脉血气分析仪、呼气中止压法测肺容积等,主任医师、副主任医师、医师、护士,磷酸盐,胰岛素水平检查,胰岛素水平检查是一种用于检测血液中胰岛素水平的医学检测方法。,电钻,睡眠呼吸暂停,全身,手术刀、吸氧机、注射器,自费,恶化,丧偶,实习,一神论,全身麻醉,重度疼痛,A型,未开封,自然分娩,磁共振成像,斜位,白细胞计数升高,腹痛,控制饮食、戒烟限酒、进行规律的有氧运动（如快走、游泳等）、服用药物（如阿司匹林、硝酸甘油等）。
201202,二月二十七日九时四分,1975,十一月,CN,辽宁,广东省博县清城李街r座,赵芳,f,321204197405196923,15387384597,05933194810,群众,汉族,自考,化学测量学与技术,济南亿次元网络有限公司,药品市场推广经理,6dc19f2a-c85a-11ed-b05f-f4b5204be593,fsu@sohu.com,ef043e5efc2bfc7dfd685ea44437acb299e0935c,yulong.cn,216.70.163.55,6eda:8492:dccb:d54f:f199:65e7:22f7:7054,bc:a1:a4:c0:58:a8,https://73.net/,ll,WJ冀9084S,2253908254391109,汇丰中国银行,58892132-8,92140403738168221A,辽宁省档案局,九江市第一人民医院,绍兴职业技术学院,Q6486113724,T26704599,EHO061236010908,G74607847,513624PXERFY4B2,200423029650103006323015680,144371300183116,410900100013316,LEWWDB332KN231538,113523520209,J4018549375949,6282873749243530240,成字第3828665号,新交运管许可阿字653023462557号,军密认字第8637号,可待因口腔溶液,处方药,口腔溶液,缓解口腔疼痛等症状,口服,每日3次，每次10-20滴。,心脏手术,冠状动脉万有引流术,康复理疗科,主要进行各种身体功能障碍的康复治疗，如中风、脑损伤、骨科康复等,肌电治疗仪、康复训练器、功能评估仪等,主任医师、康复师、理疗师、医师、护士,血清人类绒毛膜促性腺激素（hCG）,胃肠道镜检查,采用内窥镜进入胃肠道进行检查，了解胃肠道疾病情况,输液器,冠心病,心脏系统,电切器、手术马克、止血钳,公费医疗,正常,丧偶,无业,图腾崇拜,硬膜外麻醉,重度疼痛,Rh阳性,已开封,自然分娩,磁共振成像,斜位,血脂异常,耳鸣,注意以清淡饮食为主，提高免疫力。避免抑制免疫系统的药物，如糖皮质激素等。专业治疗。
2016/03/19,04时43分30秒,1977年,十一月,中国,双鸭山市,西藏自治区南宁市新城兴城街,朱丽华,女性,659000194307141332,139 9834 4202,0413675470,党员,汉族,网络教育,艺术史论,毕博诚传媒有限公司,传菜员,e9325e88-78ac-41a3-b65b-1ec337df87fd,guiying02@189.net,f654471609c6132fd6ea22c54380d7a3,pingjuan.cn,23.231.46.14,8f20:626a:2c1a:a80c:88cb:696f:6592:feec,88:30:ca:9e:34:4d,http://www.zu.org/,zhuanghongxia,青L-AUJBD8,5233580625716534,中国建设银行,E1QBKYPH-3,592308838KC4XGUU7Y,甘南藏族自治州台办,陕西省人民医院,宁阳县葛石镇皋山小学,N2537217715,T46766310,VUY534241361684,P87381918,41030194M9D0TY2,202144822610627999916097536,130330283958353,410900100013339,LEWWDB332KN231622,199390444209,J1365719656642,6282073387171699712,济字第7630565号,冀交运管许可饶字133027534482号,军密认字第2656号,硝酸甘油,处方药,含片,治疗心绞痛等疾病,含服,每次放置于舌下，直至溶解，每日2-3次。,妇产科手术,宫腔镜下子宫肌瘤剜除术,神经内科,专门治疗神经系统疾病，如中风、脑炎、癫痫等,脑电图仪、磁共振引导下定向脑穿刺、颅内压监测仪等,主任医师、副主任医师、医师、技师、护士,上皮细胞,脊柱X光,脊柱X线检查是一种检查脊椎骨骼结构和健康的医学影像检查方法。,止血布,贫血,全身,手术器械盘、手术钩、拔钩器,医疗补助,未诊断,离异,离职,万物有灵论,脊麻醉,中度疼痛,O型,未开封,产钳助产,乳房超声,横位,白细胞计数升高,冷汗,忌食刺激性食物、非甘油类泻药，并按照医生嘱咐使用相应药物。
10月07日,1988 10 07 20:20:28,2014年,May,cn,中山市,贵州省铜仁市印江土家族苗族自治县峨岭镇桶溪村,谢淑华,女性,14022119720512592X,+86 18681532521,0595-813-3500,民进会员,满族,非全日制普通高职,信用风险管理与法律防控,趋势信息有限公司,质量安全,c17e88f8-c85a-11ed-a611-f4b5204be593,gang18@sina.org,c869d90acb52e1ccfbbcbd95018ccee9,jieyang.cn,139.90.150.26,49b9:1ea7:bbde:9834:811d:f408:ce8b:611f,bd:f5:5c:7c:86:0c,https://dummyimage.com/338x334,meiqin,苏U7YTWFZ,30346384771110,蒙特利尔银行,TLXFNPBY-3,93220202468531392H,福建省交通运输厅,山禾国药有限公司卫生所,江苏城乡建设职业学院,E0047274109,T58710492,SZX610250981584,E40240567,350800G47MB6R61,20031462351250019930913645X,110542338781469,410900100014038,LEWWDB332KN231158,132760750209,L5993710788229,6221457630487619584,北字第6791244号,赣交运管许可进字360124764474号,军密认字第5448号,泮托拉唑,处方药,胶囊,治疗消化性溃疡、胃食管反流病等,口服,成人：每次20mg，每日1次。,中医手术,艾灸手术,眼科,主要进行各种眼科手术和治疗，如白内障手术、近视矫正手术、青光眼治疗等,眼科手术器械、眼科手术显微镜、视力测试仪等,主任医师、副主任医师、医师、技师、护士,血小板计数（PLT）,心脏核素显像,心脏核素显像是一种通过注入小量放射性物质来检测心脏功能和血液流动的医学检测方法。,一次性无纺布手术衣,前列腺癌,泌尿生殖,电凝器、手术马克、C光机,医疗补助,有,已婚,学生,苦行派,脊麻醉,无痛,O型,未开封,剖腹产,乳腺触诊,头先露,白细胞计数升高,乏力,戒烟、减少空气污染、运动锻炼、使用药物（如吸入性支气管扩张剂、口服或吸入性类固醇等）等。
1999年05月,05-03 15:40,1976年,4月,New Zealand,北京,云南省张家港市大东林路1408号,李玉华,Female,230129651217710,+86156-7005-5698,0811 202 5276,共青团员,汉族,夜大,临床工程技术,佳禾信息有限公司,主管,7d97d91d-ad3c-4499-8d7e-3ccd10456eeb,rhe@outlook.org,6708c0acdfe845bbebba46a93d4d025c24c7b16af8a0c14589ab27afb8e5ae3e,04.cn,160.173.178.103,a1b3:141f:55a5:25d7:394:53d3:4261:4180,31:b9:90:7e:31:63,http://houwan.cn/,yueyan,WJ鄂20244,5351124719508121,欧力士银行,58879612-5,92450328846132162L,葫芦岛科技厅,协和西院,夏津县银城街道西关小学,M6572509240,T66047178,HDN882347873551,D97591645,350601MJHJY4XG5,200561585451122009520996352,143450225686331,410900100013599,LEWWDB332KN231419,185881317209,L5025028331747,6282827734554850304,装字第8489788号,浙交运管许可淳字330127305591号,军密认字第0404号,头孢拉定,抗菌药,注射剂,治疗社区获得性肺炎、泌尿道感染等,静脉滴注,每次1-2g，每日2-4次,心脏手术,起搏器植入术,床旁超声科,主要利用床旁超声设备进行快速无创诊断，提高病情判断准确率,床旁超声设备、经食管超声设备等,主任医师、医师、技师,钙（CA）,胆囊超声,胆囊超声是一种使用超声波技术来检查胆囊结构和功能的医学影像检查方法。,安乃近,尿毒症,全身,手术机、椎板、心电图机,医疗救助,确定,离异,无业,伊斯兰教,表面麻醉,中度疼痛,AB型,已过期,自然分娩,乳房超声,横位,尿蛋白阳性,无症状,手术、放疗、化疗等治疗方式，具体方案根据患者的病情和病理特征进行选择。
5月23日,1971-05-23 22:51:35,2002,9月,格陵兰岛,山西长治,安徽省明县城北西安街,钱玉华,F,620800197704288446,+8614509841729,0392570474,群众,汉族,非全日制普通高中,古生物学,济南亿次元传媒有限公司,乘务员,75ee7cfb-c85a-11ed-99b1-f4b5204be593,yanyao@126.net,253433c9b4310ab6626e6daa249c1bf8,am.cn,100.8.5.163,a7a4:5473:85bd:1d0c:fb8:6c44:5fd4:bcf5,b6:6d:2b:4e:2e:d8,http://www.mt.cn/,caixu,WJ苏7230X,3527386694140360,成都市商业银行,81197443-1,935001191397245727,新闻出版局,华澳整形美容网,郯城县花园乡冷庙小学,S2893773215,T32893092,CNU588898726298,G89046248,500228NY66QT2M1,201254572460204988523610112,110320601816976,410900100013991,LEWWDB332KN231212,192589109209,L4662439227407,6217011735200249856,济字第6978534号,黑交运管许可嘉字230722828413号,军密认字第2556号,丙硫氧嘧啶,处方药,注射剂,治疗肝癌等疾病,静脉注射,剂量因病情而异。,神经外科手术,脊髓肿瘤切除术,呼吸科,主要进行各种呼吸疾病的诊治，如肺结核、哮喘等,呼吸机、氧气吸入器、支气管镜等,主任医师、副主任医师、医师、技师、护士,类风湿因子（RF）,血小板计数,检查血液中的血小板数量，了解患者血液状况,手术镊子,胆结石,胆囊,显微镜、手术马克、手术刀,自费,无,未婚,学生,天主教,全身麻醉,轻度疼痛,A型,未开封,自然分娩,乳腺X线摄影,臀先露,肝功能异常,无症状,控制饮食、戒烟限酒、进行规律的有氧运动（如快走、游泳等）、服用药物（如阿司匹林、硝酸甘油等）。
二零一八年七月,2018年07月21日 14:06,1999,十一月,维尔京群岛,安徽六安,河南省郑州市永川褚街,张佳,男性,44078519690904586X,18891571389,0753 860 2099,团员,汉族,全日制博士研究生,机械工程,创联世纪网络有限公司,专柜彩妆顾问(BA),9855b66e-2543-4625-8827-4eab0d91b5d0,yaowei@outlook.com,77f4efb4f1fbe1c8fb2593e56410d18ba4555e45d0007d46963323736b8b623e,pingfang.cn,60.140.225.86,d264:eca:273:f114:d5b5:242d:1dc:8669,3f:5f:91:52:33:39,https://www.minxiulan.net/,huangmin,WJ皖90950,180009699465962,常熟农村商业银行,94668364-X,91500106556356651D,专用通信局,杰能科生物工程公司卫生所,上海民远职业技术学院,I7585115930,T25745609,PGB249999820642,G69507540,432322LJEL2QUA1,200811425140821983483658240,147522629743437,410900100013545,LEWWDB332KN231898,146190246209,L4986697581712,6255062178610499584,沈字第7808842号,贵交运管许可独字522726558560号,军密认字第2519号,易瑞培南,抗菌药,注射剂,治疗腹腔、胆道感染等疾病,静脉滴注,每日2次，每次1g。,胃肠外科手术,胃癌切除术,急诊科,主要进行紧急救治，如心肺脑复苏、创伤救治、濒死病人抢救等,全自动心电监护系统、手持式无线心电监护仪、人工呼吸机等,主任医师、医师、技师、护士,C-反应蛋白（CRP）,皮肤过敏试验,皮肤过敏试验是一种检查身体对特定物质的过敏反应的医学检查方法。,一次性采血器,主动脉剥脱,胸部,手术刀、手术钩、止血钳,自费和医保结合,隔离期,复婚,自雇,祖先崇拜,静脉麻醉,麻痹,Rh阴性,已过期,剖腹产,乳腺活检,足先露,尿蛋白阳性,呕吐,决不能服用硝酸甘油等扩血管的药物、避免饮食不良、限制脂肪的摄入、坚持锻炼、防止并发症的发生等。
2017年09月,2017-09-13 19:21,一九八一年,7月,Iran,石嘴山市,河南省郑州市登封市嵩阳街道办事处嵩山村,黄明,M,330109193809032430,13609863962,0775 8259 6874,中共党员,汉族,函授,阿拉伯语,黄石金承传媒有限公司,编导,88cf3aad-c85a-11ed-822b-f4b5204be593,jingtan@outlook.com,ebe71f0013e8c5511db39670f23df005,yongfeng.cn,66.122.9.192,2153:8275:b51e:dffc:2571:6629:af14:8bb0,5f:7d:38:76:3f:27,https://huangdong.org/,cg,WJ苏4963S,2548188514615523,新华村镇银行,Q4QLX6EH-5,9244140274446697BT,无线电管委会办公室,郑州同济医院,济南市新苑小学,M7587794209,T64886005,ZJW905823807261,G87527877,230606E075J0BE8,201322540510704998335643648,148411702633982,410900100014176,LEWWDB332KN231478,192335267209,L1240667899133,6230905079952969728,装字第0155526号,黑交运管许可穆字231085514915号,军密认字第3376号,复方甘草口服溶液,非处方药,中药饮片,缓解口腔炎症等症状,口服,每次5-10ml，每日3次。,眼科手术,青光眼手术,肛肠外科,主要治疗肛门和直肠疾病，如痔疮、肛瘘、直肠癌等,肛肠镜、蜡烛治疗仪、凝血拍打装置等,主任医师、副主任医师、医师、技师、护士,高密度脂蛋白胆固醇（HDL-C）,心脏起搏器植入术,心脏起搏器植入术是一种治疗心脏疾病的手术方法，通常通过导管或手术在心脏中植入起搏器。,手术治疗床,坐骨神经痛,下肢,手术镜、钳子、除颤器,医疗补助,中度症状,丧偶,在职,印度教,脊麻醉,重度疼痛,O型,未开封,剖腹产,磁共振成像,斜位,血糖水平高,多食,饮食要注意富含钙、维生素D，加强锻炼以有利于康复。术后按医生要求进行紧急康复等指导。
05月4日,1988 05 04 22:42:07,1988年,十月,cn,达州市,四川省丹丹市长寿李街R座,尹艳,女,450502199011291718,18974012201,04297302579,群众,汉族,全日制普通职业高中,华文教育,维涛网络有限公司,保险客户服务,c6c9fccb-c85a-11ed-ba7e-f4b5204be593,rtan@outlook.net,90a14ae8ad4fe8742d112cc1393273d583c0bf059e62655bed831edb93e8b408,guiyingyong.com,171.215.42.184,c879:fa7a:1e0b:5052:30d3:61a6:ae0e:1745,97:64:07:42:ff:df,http://www.wenli.cn/,hy,沪Q6BUJC,3507204431011667,荷兰银行,25748131-3,93360726493092176A,拉萨市教育厅,常州市第一人民医院,青岛市即墨区金口建行希望小学,C1150237986,T62827161,BJC779576814632,G39311298,410724F01PRWAC0,20165338736102220210615710X,143622725459966,410900100014204,LEWWDB332KN231254,166290047209,J3610149719055,6231577658756389888,成字第8903976号,吉交运管许可安字222426953022号,军密认字第9927号,奥硝唑阴道泡腾片,处方药,阴道泡腾片,治疗阴道炎等疾病,阴道内放置1片,用量因病而异。,整形手术,隆胸手术,消化内科,主要进行各种消化道疾病的诊治，如胃溃疡、胰腺炎等,消化内镜、超声内窥镜、腹腔镜等,主任医师、副主任医师、医师、技师、护士,免疫球蛋白G（IgG）,动态心电图,通过对患者进行24小时心电监测，评估心脏状况,口罩,肺部结核,呼吸系统,照射器、手术钩、拔钩器,公费医疗,未知,复婚,自雇,犹太教,硬膜外麻醉,麻痹,Rh阳性,已开封,产瘤助产,乳腺活检,足先露,C-反应蛋白升高,失眠,不适宜饮用大量水分，更不能喝酒。根据情况选择盐的限制，控制 proteinuria、适度运动、避免中药乱用。
2009年08月28日,六时二十九分五十九秒,一九七四年,12月,中国,泉州市,澳门特别行政区沈阳县西夏邯郸街,乔杰,M,520112950902632,+86 15085561058,04715194090,预备党员,汉族,全日制普通高级中学,口腔医学技术,凌颖信息传媒有限公司,熟食加工,bf4d587f-31b8-4833-a448-f87b63f137a2,mingdong@sina.net,8b8deda2c744c727590f8252faf058a633a6777614a963bf216c5305d2c751d0,junhu.cn,211.19.41.2,1403:97bb:57ef:7e84:1c32:f2d1:ca52:181e,81:24:4d:72:15:7a,http://www.vh.cn/,pp,甘LN95J1S,375757436984878,德意志银行,35858674-7,91610626490296579A,药监局,广州中医药大学第一附属医院,广州卫生职业技术学院,D6676041341,T92469488,UIV562537517766,E97131499,2112235J7Q6FQ1X,200315839411220989584867328,143210304540668,410900100014099,LEWWDB332KN231149,171250780209,J6181964176373,6216381636871459840,装字第1618327号,新交运管许可克字653000653670号,军密认字第2735号,盐酸曲马多,处方药,片剂,缓解中度至重度疼痛,口服,成人：一次1-2片，每日3-4次。,骨科手术,膝关节镜手术,感染性疾病专科,专业治疗各种感染性疾病，如艾滋病、肺结核、性病等,病原学检测设备、快速诊断试剂盒、抗感染药物等,主任医师、副主任医师、医师、护士,凝血酶原时间,阴道分泌物检查,阴道分泌物检查是一种检查女性生殖道健康的医学检查方法。,敷料,口腔溃疡,口腔,电钻、电凝器、显微镜,保险,隔离期,离异,退休,东正教,局部麻醉,中度疼痛,B型,已开封,产钳助产,乳房超声,横位,血压偏高,月经不调,制定合理的饮食计划，避免食用高嘌呤食物，如动物内脏、肉类、海鲜等。保持适当的运动量，避免过度劳累。
1985/8,8月15日11时01分,一九八六,9月,Belgium,河南,辽宁省艳县朝阳杨街6223号,王鹏,Male,610200197410024870,86145-4102-8703,07342115131,无党派人士,汉族,非全日制初中,电气工程与智能控制,雨林木风计算机信息有限公司,学徒,a32f6337-c85a-11ed-8084-f4b5204be593,ping18@aliyun.com.net,e0107fdda8da5c2959b878410e14792e1fd6a6fc03fcdfb2e4223934a903c825,gangxiuying.cn,22.211.90.8,8ff8:d859:bc53:9d07:b6a:b146:d273:e742,6f:82:b0:04:9d:0b,https://mx.cn/,lf,晋K-N48QTS,3566412717752700,廊坊融商村镇银行,YEHDHLQ3-1,595203303LBKK7UM6E,河南驻马店工商联,复旦大学附属华山医院,九州职业技术学院,R3110108418,T88533256,NDP781394228629,E40415312,142201EFTNM4D71,201341659130727994685915136,146510623476022,410900100014217,LEWWDB332KN231491,161405517209,J7419632501528,4026585518930820096,证字第8164071号,豫交运管许可宛字411302541371号,军密认字第9717号,维生素C,非处方药,片剂,养护身体、增强免疫力等,口服,每次1片，每日2-3次,耳鼻喉科手术,喉癌手术,口腔种植科,主要进行牙齿种植、牙髓治疗等口腔修复手术,数字化诊疗系统、牙周软组织激光等,主任医师、副主任医师、医师、护士,钠（NA）,颅脑CT,颅脑CT扫描是一种用X射线技术来创建头部图像的医疗诊断工具。,A型橡胶圈,乙肝,肝胆系统,照射器、注射器、急救箱,自费和医保结合,待定,复婚,离职,祖先崇拜,静脉麻醉,麻痹,Rh阴性,已过期,产钳助产,乳腺活检,足先露,心电图异常,浮肿,禁烟酒，控制饮食，定期复查，严格按医生嘱咐服药，规律的有氧运动等。
一九七七年五月,1977年05月28日0时19分,一九七六,八月,Micronesia,海口,青海省文市长寿傅路8046号,姚秀云,Female,130636641215820,+86 133 4308 6743,05943073342,团员,彝族,电大,复合材料成型工程,图龙信息信息有限公司,水工,cae2dd0b-c85a-11ed-b507-f4b5204be593,guiyinghao@outlook.org,d819596ed4e38658ea59a75e482380e7d7dd34b0686dd731f62fd45e5140825a,jiahan.cn,48.3.8.181,d2cd:9094:729f:7f68:7a5e:23b3:9b21:6b35,ea:88:30:b0:2f:b3,https://picsum.photos/569/197,zhangfeng,WJ晋30836,342817198701249,中国银行,75958435-5,9145020280735233BK,文联,中山一院,南京理工大学泰州科技学院,Y1445462880,T23890720,QXR483634548452,D29069289,542623U49A525X3,201965590210505008471867392,110610503341653,410900100013733,LEWWDB332KN231961,111471818209,L7546853677172,6200319729970790400,空字第1920922号,粤交运管许可天字440106801377号,军密认字第2336号,布洛芬,非处方药,片剂,缓解轻度至中度疼痛和发热等,口服,成人：一次1-2片，每日3-4次。,心脏手术,心脏移植,外科,主要治疗各种外科疾病，如手术、骨折、创伤等,手术台、手术灯、床位等,主任医师、副主任医师,红细胞计数,CT扫描,计算机断层扫描（CT扫描），是一种用X射线技术来创建图像的医疗诊断工具。,注射器,糖尿病,全身,手术刀、剪刀、止血钳,保险,异常,未婚,离职,佛教,局部麻醉,轻度疼痛,B型,已开封,产钳助产,乳腺X线摄影,臀先露,血压偏高,心悸,控制饮食、规律运动、注射或口服降糖药物及胰岛素等。
七月十七日,一九七七年七月十七日十一时二十分,二零零七年,4月,瓦里斯和富士那群岛,海东,吉林省延边朝鲜族自治州龙井市智新镇新安村,匡玲,Female,632701198102088462,139-3185-4143,0836 4555 212,党员,汉族,自考,医学检验技术,恩悌网络有限公司,税务经理,cfd8395e-c85a-11ed-9ebb-f4b5204be593,tfeng@sina.org,1dcaa586e43b99e81a4c0b662624c88946c9bc5e,meng.cn,85.182.110.232,40:a707:d556:deab:91a2:72a:cd64:e6b1,fb:a4:58:8c:d2:b7,https://picsum.photos/215/333,sunshuying,WJ藏58873,4681260986529,十堰农村商业银行,74762931-7,9244010447719266B3,山西省发改委,徐州市中医院,重庆冶金成人学院,C9262535862,T07747987,GIB794296246143,D65757693,433021W0P2NAJQ7,202131046350181010033868800,141130129832351,410900100013412,LEWWDB332KN231559,153948211209,L7798452654210,6258146319564810240,海字第1876871号,冀交运管许可开字130205297321号,军密认字第9927号,丹参酮丙胶囊,处方药,胶囊,改善心脑血管微循环,口服,成人：一次2-3粒，每日3次，饭后。 ,骨科手术,颈椎内固定术,肿瘤内科,主要进行肿瘤内科治疗,放射治疗设备、化疗药物、肿瘤标志物检测仪等,主任医师、副主任医师、医师、护士,酮体,心内电生理检查,心内电生理检查是一种测量和记录心脏电活动的医学检查方法，通常通过导管插入心脏进行。,皮穿针,淋巴结肿大,头颈部,手术马克、氧气瓶、吸气器,公费医疗,无,离异,自雇,全在神中论,硬膜外麻醉,中度疼痛,Rh阳性,已开封,自然分娩,乳房超声,横位,血脂异常,呕吐,避免饮酒、控制饮食、规律生活、进行药物治疗等。
一九八二年六月,1982-06-15 23:37,1977年,九月,莱索托,山东,湖南省志强市新城徐街5136号,陈辉,Male,441521198909110809,86 18913689528,0728-341-9029,党员,汉族,全日制高职,国际经济发展合作,通际名联传媒有限公司,副总监,c113dcea-8a97-4425-94be-d80a378854b3,kwu@yahoo.net,2eadbdbe993445ec1fac30244e259ea685151d5ca4206d18da8160ee2e2e446d,gb.cn,58.186.0.152,5643:d2e4:9d66:3ca2:ea7f:8cf7:89e8:bdbc,84:ee:e2:5e:8b:3e,https://ek.net/,yuanwei,云H 8Y9PF,4667740932819462079,美国运通银行,34913542-6,5232031130B3U93F5E,浙江杭州残联,海南国际鹤春园疗养康复中心门诊部,曹妃甸职业技术学院,R3458820283,T55082972,GGY940808968093,G72301570,432322LJEL2QUA1,200041018511422989369606144,145370402974199,410900100014180,LEWWDB332KN232022,125718034209,L6773826878209,6282827734554850304,成字第0416211号,豫交运管许可沁字410882516237号,军密认字第0520号,硫酸氨溴索,处方药,口服液,缓解支气管哮喘、慢性阻塞性肺疾病等,口服,成人：一次5ml，每日2-3次。,骨科手术,股骨头置换术,神经内科,专业治疗各种神经系统疾病，如脑卒中、脊髓疾病、癫痫等,脑电图仪、神经功能治疗仪、颈椎牵引治疗仪等,主任医师、副主任医师、医师、护士,总蛋白（TP）,磁共振胆管造影,磁共振胆管造影是一种通过磁共振成像检查人体胆道和胆囊的一种诊断方法。,止血钳,贫血,全身,电凝器、麻醉机、注射器,医疗补助,死亡,未婚,在职,泛神论,脊麻醉,轻度疼痛,O型,未开封,产钳助产,乳腺X线摄影,臀先露,白细胞计数升高,咳痰,忌食辛辣、酒类食品，避免过度劳累、保持情绪稳定，同时需要每年进行定期检查。
2016 08 7,一时三十分五十六秒,2019年,February,博茨瓦纳,青海黄南藏族自治州,新疆维吾尔自治区淑兰县南湖廖路8338号,杨建华,男,530128198804049785,13925511160,0851-8690-247,预备党员,汉族,普通专科,克罗地亚语,华成育卓信息有限公司,样衣工,88f0ef47-c85a-11ed-b8e6-f4b5204be593,dhe@163.net,3839dfa1d1e4d8eb9f1777a1481b5b4745983d78,taofang.cn,145.116.97.241,d646:27ed:d46b:bac:d66b:ea4c:c38c:d2d,7c:36:db:63:41:1d,https://picsum.photos/418/731,zxy,沪PN2Z3B,572513588903,哈尔滨银行,TP3G5RE4-5,913413228143338914,出版社,浙江大学医学院附属妇产科医院,沂水县龙家圈街道港埠口小学,X3942902418,T53550786,JIT490965620903,D64486220,332528KHM85KYC1,200443453640520991695175680,130623021408109,410900100013510,LEWWDB332KN231887,195130996209,L5031051394011,6250297162021869568,装字第2327151号,宁交运管许可回字640401422514号,军密认字第2655号,阿莫西林,抗菌药,片剂,治疗中耳炎、上呼吸道感染等,口服,成人：一次0.25-0.5g，每日3-4次,神经外科手术,脑肿瘤切除术,骨科,主要治疗各种骨科疾病，如骨折、脱臼、关节病变等,X光机、CT机、床位等,主任医师、医师,血红蛋白,乳腺X光,乳腺X线检查是一种通过X线技术来检查乳房的医学图像检查。,手术刀片,胆囊炎,腹部,输液器、切割钳,医疗救助,稳定,离异,退休,伊斯兰教,表面麻醉,中度疼痛,AB型,已过期,产瘤助产,乳房超声,横位,心电图异常,气促,休息、维持水分、按时服药、进行必要的氧气治疗、避免交叉感染等。
2000年12月,12/31 16:34,1990年,11月,科摩罗,香港特别行政区,宁夏回族自治区超市锡山赵路,李秀芳,女,511803199003210949,+8618157389347,05979585979,中共党员,汉族,电大,放射医学,东方峻景科技有限公司,市政工程师,34ad1052-33ab-4b31-8169-44df72eced81,wangchao@yahoo.com,aaf7d87b04a5be16dc0469469d25bf74,wq.cn,10.186.196.152,afa6:903f:eb56:6539:2085:1ac6:8c01:9488,a0:39:42:11:28:a7,https://placekitten.com/560/911,xingtao,WJ津88415,6596766004681055,徽商银行,24156565-1,93360123119958507Q,湖南省供销社,宜昌市第一人民医院,罗庄区黄山镇安头小学,K8737980082,T10707790,DWU569462937260,E59804748,6103005LH8MW5HX,202114788211302987450023936,147440782845783,410900100014228,LEWWDB332KN231812,130220265209,L4231024478617,6228979224825159680,成字第6185288号,皖交运管许可贵字341702289908号,军密认字第6526号,克林霉素,抗菌药,胶囊,治疗多种感染病,口服,成人：一次0.25-0.5g，每日3-4次,泌尿外科手术,输精管结扎术,感染科,专业治疗各种感染性疾病，如肺炎、脑膜炎、乙肝等,细菌培养仪、快速诊断试剂盒、抗感染药物等,主任医师、副主任医师、医师、护士,直接胆红素（DBIL）,眼压检查,眼压检查是一种测量眼内压力的医学检查方法。,绷带,弱视,眼部,手术椅、调节器、吸氧机,自费和医保结合,异常,丧偶,退休,不可知论,静脉麻醉,重度疼痛,Rh阴性,已过期,剖腹产,磁共振成像,斜位,尿蛋白阳性,食欲减退,忌烟酒、注意饮食素质和卫生干净、控制脂肪等药物的摄入、摄生保健等。
1987/04/28,10:33,2006,June,中华人民共和国,湖南郴州,河北省合山县孝南刘街,刘凯,男性,210781196703014189,18119152357,08133981950,九三学社社员,汉族,夜大,航海技术,佳禾信息有限公司,网店店铺管理员,b5519856-c85a-11ed-acd5-f4b5204be593,ssu@sohu.org,c89c6cc829f61e94a8ef1c57a8a3fe1e23c5c8689618494712be6a3a8dd6ff27,hanqin.cn,217.72.254.104,2345:789f:74ce:1c3a:da35:6987:58ed:8dce,3c:56:ff:79:fb:3e,http://42.cn/,lihongmei,WJ湘32601,676123144872,瑞士银行,48531165-8,924413225105255954,社科联,江西省第二人民医院,平邑县平邑街道常柴希望小学,U7020708906,T04771604,UKM650927640844,D82392459,542400FW5LCBCP0,202052444621025983319769088,148522126862774,410900100013565,LEWWDB332KN232034,170150346209,J7492514060562,6229593725894200320,广字第5462335号,鲁交运管许可曹字371721610835号,军密认字第9423号,泼尼松片,处方药,片剂,治疗炎症和免疫相关的疾病,口服,剂量因人而异。,泌尿外科手术,肾动脉栓塞(介入),泌尿科,主要进行泌尿系统疾病的诊治和手术，如膀胱癌、肾结石等,B超检查仪、腔镜、输尿管镜等,主任医师、副主任医师、医师、技师、护士,游离四碘甲状腺原氨酸（FT4）,甲状腺功能检查,检查患者甲状腺功能指标，了解患者甲状腺疾病情况,麻醉药,自律神经紊乱,全身,电凝器、停血带、手术刀,医疗补助,死亡,离异,自雇,万物有灵论,脊麻醉,中度疼痛,O型,未开封,剖腹产,乳房超声,横位,肝功能异常,头晕,饮食要注意富含钙、维生素D，加强锻炼以有利于康复。术后按医生要求进行紧急康复等指导。
2007年11月,11月08日12时03分51秒,1977,十月,中国,浙江,云南省楠市清浦马街c座,陆瑞,男,450328195907195782,18000460888,0565 5617 6513,致公党党员,汉族,普通硕士,空天智能电推进技术,太极科技有限公司,保险培训师,8570aa5f-9624-46db-b943-a302ca99bb24,dengxia@sohu.com,17c9247d494f163221e2b911cda6c88e,min.com,81.171.50.152,2b7a:cef6:58c3:3423:cd0f:6c82:a5aa:b46a,eb:92:52:30:a8:a4,http://www.zhouren.cn/,gaodandan,吉RU6B047,4194217611643121874,国家开发银行,68NRG7QW-3,595329275LHJ2TJ457,重庆市省直机关工委,苏州大学附属第二医院,潍坊市潍城区西关街办中心小学,B2564387993,T92283919,SOO428546615122,E64393357,542122E6C8LBJ68,200063817210910997152268288,146522725397410,410900100013967,LEWWDB332KN231841,140541333209,J1336539783565,6259786824750510080,广字第2124111号,粤交运管许可佛字441821747366号,军密认字第9083号,乙酰半胱氨酸,非处方药,片剂,增强免疫力,口服,每次每日1次，每次2-3片。,泌尿外科手术,肾上腺切除术,肿瘤科,主要进行肿瘤的诊治和化疗、放疗，如乳腺癌、肺癌等,电子直线加速器、化疗药物、PET-CT检测仪等,主任医师、副主任医师、医师、技师、护士,免疫球蛋白A（IgA）,心脏彩超,使用彩色多普勒超声技术检查心脏，了解心脏结构和功能情况,手术眼镜,痔疮,直肠,除颤器、手术刀、导管,医疗补助,好转,丧偶,退休,印度教,脊麻醉,重度疼痛,O型,未开封,产钳助产,磁共振成像,斜位,白细胞计数升高,体重波动,忌食辛辣、酒类食品，避免过度劳累、保持情绪稳定，同时需要每年进行定期检查。
一九九三年五月,五月二十一日二十二时二十一分三十七秒,2012,11月,约旦,宜春,天津市海燕县东城高路7690号,张秀荣,女性,542121560201580,14571834815,0599-5359-7683,中共预备党员,汉族,普通博士研究生,曲艺,商软冠联科技有限公司,理货员,b5e7f1a7-c85a-11ed-9496-f4b5204be593,weilei@163.net,bebe5afcd9dda4459f209df35e6d18ec30f7f7f9,dengdong.cn,151.203.204.231,52b9:7b92:8bfe:afb4:e79:27b6:2411:60c9,6f:72:16:4d:15:ff,http://www.juan.cn/,chenyan,WJ新6526T,5520559073153608,大连农村商业银行,9CCFYEYH-4,9153332417774657A3,药监局,天津中医药大学第一附属医院,东明县菜园集镇王令小学,M4194734652,T69460587,OZV323327104058,D28850715,332623L42QM6MCX,199931320152825991572488192,143511900296046,410900100013398,LEWWDB332KN231516,132916107209,J4922657947205,6219014362243510272,济字第9239983号,豫交运管许可舞字411121210663号,军密认字第3973号,美洛昔康片,处方药,片剂,治疗神经官能症、癫痫等疾病,口服,成人：一次5-10mg，每日3次；剂量逐渐增加，最大量为30mg。,眼科手术,白内障超声乳化+人工晶体植入术,耳鼻喉科,主要治疗耳鼻喉疾病，如鼻窦炎、中耳炎、听力损失等,电子耳疗仪、红外线治疗仪、咽喉镜等,主任医师、副主任医师、医师、护士,活化部分凝血活酶时间（APTT）,阴影X光检查,阴影X光检查是一种通过X射线技术检查肺部的医学影像检查方法。,轻随针,淋巴样白血病,全身,电钻、手术刀、手术钩,医疗救助,无,复婚,无业,卡巴拉,表面麻醉,麻痹,AB型,已过期,产瘤助产,乳腺活检,足先露,心电图异常,咳痰,休息、维持水分、按时服药、进行必要的氧气治疗、避免交叉感染等。
二零零五年三月一十六日,二十时十一分十四秒,2014,十二月,Jersey,宁夏回族自治区固原,四川广安市邻水县同石乡合水村,吴海燕,Female,340823580202947,18791649092,05123042803,群众,汉族,全日制博士,药事管理,双敏电子信息有限公司,裁床,f2a15c7b-e739-4363-ac61-00f65f602a16,xiuyingwang@189.net,e795fd089662f82ff2329a3a9f92c5b0,lei.cn,39.187.226.163,7ef2:eacd:63ba:7ff1:2608:4e8a:fad9:1352,d4:84:3b:24:5a:04,https://jie.cn/,danxiuzhen,桂N-CPT3J,378243400675955,中国农业银行,73467819-5,113713013U8TX2GF25,湖北省无线电管委会办公室,湖北医学院附属第二医院,北京农学院,N9513297993,T55661891,TVR158377620912,G38286203,612600XQPEUQD27,20005162844142619240115763X,110330502228086,410900100014228,LEWWDB332KN231490,182963488209,L8260103820056,5324509236804729856,后字第5666697号,云交运管许可兰字533325428988号,军密认字第2754号,益生菌,非处方药,胶囊,维护肠道健康、改善免疫力,口服,1-2次/日，每次1-2粒。,整形手术,双眼皮手术,肝病科,主要进行肝病的诊治，如肝炎、肝硬化等,肝脏造影剂、药物治疗仪、肝病筛查仪等,主任医师、副主任医师、医师、技师、护士,游离三碘甲状腺原氨酸（FT3）,血脂检查,检查血液中的胆固醇和甘油三酯等脂类物质含量，了解患者心血管情况,测血糖仪,肥胖,全身,手术器械盘、手术钩、电钻,医疗救助,失访,未婚,退休,灵性主义,表面麻醉,轻度疼痛,AB型,已过期,产瘤助产,乳腺X线摄影,臀先露,尿蛋白阳性,头痛,按时、按量使用抗结核药，密切监测用药效果，注意肺结核菌的扩散和感染。定期检查肝功能、血常规；保证充足的营养、调整饮食。
201104,04-13 03:02:45,1986年,7月,索马里,澳门特别行政区,新疆维吾尔自治区大冶市萧山刘街W座,倪莉,女性,520401195206268241,15321111165,0798 1083 8813,普通居民,汉族,非全日制中等专业,华文教育,飞利信科技有限公司,医疗器械市场推广,3d73882e-688a-420e-9d0d-86414194abcb,yan98@aliyun.com.com,b6a8fe234931074d4d369d10ed8e9d580c98fe9694108fba7ca87d19368ecda8,haowen.cn,89.69.151.121,44a5:2b7b:f692:3bd:20c1:f01d:ac88:8331,fb:6d:2d:9f:57:92,https://dummyimage.com/760x875,lzq,WJ琼5988H,30072449653867,瑞士银行,36389721-6,9115078447718840A0,浙江工商局,福建省人民医院,枣庄市体育运动学校,X9978184636,T25194450,JFH686478637961,P31153484,430104D5K2PL9G3,201323398532722001335812096,110331126900692,410900100013878,LEWWDB332KN231921,170074546209,J4372509491041,6229539668433080320,证字第3136448号,鲁交运管许可临字371581788819号,军密认字第7743号,奥利司他,处方药,胶囊,治疗便秘等症状,口服,成人：起始剂量为8mg，每日1次，根据需求逐渐增加到每次24mg，最大量为每日72mg，尽量在同一时间口服。,骨科手术,肱骨近端关节置换术,老年科,主要进行老年疾病的诊治和护理，如认知障碍、帕金森氏症等,康复训练机、健康管理仪、心肺复苏器等,主任医师、副主任医师、医师、技师、护士,抗核抗体（ANA）,尿常规检查,检查尿液中的各项指标，了解患者身体状况,氧气瓶,心律失常,心脏系统,手术马克、手术钩、麻醉机,公费医疗,结束隔离,离异,学生,全在神中论,硬膜外麻醉,中度疼痛,Rh阳性,已开封,产瘤助产,乳房超声,横位,血压偏高,浮肿,饮食补钙、户外运动、避免长期服用激素和抗癫痫等药物。
一九七一年八月八日,21:01:29,二零零三,十月,CN,新疆维吾尔自治区,宁夏回族自治区沈阳市上街郑街,李斌,男,451027200401099998,188 4543 8778,0759 7856 931,党员,汉族,本科,电子科学与技术,盟新网络有限公司,主管,750dfe16-a3b4-48a1-b01c-ac087cb3ebb3,lqian@qq.com,97af61d146a1797ed2efe6d66cb0d0b73e460a98,pingcao.cn,94.173.122.219,1fb1:5261:e7ad:67dd:2865:59a1:d543:597d,c6:02:80:e2:2d:9b,https://placekitten.com/887/110,wn,WJ宁68891,4575510603027,大连银行,Y0R1UDGB-9,11620801QCTKXH2U9X,丽水文联,南京铁道医学院附属医院,成武县九女集镇李胡同小学,L9663422162,T08220837,PLV458733198854,P68305360,5101123GB224901,201021859510801004486459392,130330104052193,410900100013565,LEWWDB332KN231771,166999497209,J6717856682714,6200198814778340352,后字第4028500号,湘交运管许可郴字432821483390号,军密认字第0137号,头孢克洛,抗菌药,注射剂,治疗呼吸道感染、肺炎等,静脉滴注,每次1-2g，每日2-4次,骨科手术,髌骨修复术,中西医结合科,中西医结合治疗，以中药、针灸、推拿、艾灸结合西医诊疗手段,中药材熬药器、理疗治疗仪、蒸汽器等,主任医师、副主任医师、医师、护士,球蛋白（GLB）,血清蛋白质测定,血清蛋白质测定是一种用于检测血液中蛋白质水平的医学检测方法。,手术镜,子宫肌瘤,盆腔,钳子、器械盘、手术钩,医疗救助,失访,已婚,实习,无神论,表面麻醉,无痛,AB型,已过期,自然分娩,乳腺触诊,头先露,心电图异常,活动时气促,控制饮食，避免吃太热致、刺激性的食物。加强康复锻炼，用药时间不宜过长也不要频繁换药。
一九八一年四月,04-28 13:02,2020年,9月,Uganda,随州,吉林省倩县高坪佛山路,张健,m,371322196912277317,+86 13399821095,0437-235-4910,民建会员,汉族,非全日制普通博士,医疗产品管理,太极科技有限公司,MCU...),74108816-c85a-11ed-9f07-f4b5204be593,xufang@189.com,3466850aa1e722fad1ecf508c030e253be9aa03c,longwan.cn,62.247.47.216,aec7:8b68:c038:8f59:fa12:f6f9:d37f:81d3,bb:7f:0d:cf:1b:9f,https://placekitten.com/6/66,xuwei,新Z-UQJAP9,375891850006924,中国农业银行,13393874-8,9364042514346649AB,浙江宁波药监局,绵阳市中心医院,安徽电子信息职业技术学院,M6944366634,T91746435,FFA687386104366,G44701805,431002T3WBG3DD5,200834031130200016641064960,145340503465635,410900100014146,LEWWDB332KN231255,159252803209,J1940515396405,2556460197552710144,参字第9380231号,皖交运管许可凤字340421920547号,军密认字第1881号,格列塞吗,处方药,片剂,治疗糖尿病等疾病,口服,餐后服用，每日1次，用量因人而异。,耳鼻喉科手术,喉部息肉切除术,口腔颌面外科,主要进行口腔颌面手术，如牙齿拔除、牙髓治疗、口腔肿瘤切除等,口腔X线机、口腔CT、口腔相机等,主任医师、副主任医师、医师、技师、护士,葡萄糖（GLU）,颈部X光,颈部X线检查是一种检查颈部结构和健康的医学影像检查方法。,热疗灯,乳腺炎,乳房,绷带、麻醉机、电钻,自费,结束隔离,已婚,无业,基督教,全身麻醉,无痛,A型,未开封,自然分娩,乳腺触诊,头先露,肝功能异常,心前区疼痛,宜避免接触变态反应源，如花粉、毛发、尘螨等。要嘱患者学会正确使用雾化器和吸入器的方法，保持低盐低脂饮食习惯。
2016/12,2016/12/15 18:43,一九八一,四月,中华人民共和国,黑龙江七台河,西藏自治区西宁县滨城石家庄路C座,侯琳,女,52262219981220489X,18121966223,05594183554,中共党员,汉族,非全日制初中,航空服务艺术与管理,盟新科技有限公司,客服主管,c3ab8257-c85a-11ed-ba24-f4b5204be593,xueming@aliyun.com.net,d8f66534c0093654d604b351510583901742d9f4ac6d1e6f1af462b2d82c38ee,59.cn,168.20.224.197,b11d:a674:9575:e3cf:893c:87dc:5b5b:9e94,32:26:e6:fb:cc:77,https://dummyimage.com/577x296,wanglj,WJ云82633,180046135732175,交通银行,78626312-7,11141124FFUQ88G263,民委,无锡市丝绸印染总厂卫生所,邹平市魏桥镇印家小学,M7178420727,T24465814,XXN124637042768,P98601137,412728KM0N287H3,200434843440101994220486656,145612133296009,410900100013699,LEWWDB332KN231214,151785438209,L7981098647172,6226731124435959808,济字第1118547号,川交运管许可雅字511801769495号,军密认字第3547号,美托洛尔,处方药,片剂,降低血压、治疗痛经等疾病,口服,成人：每日1次，20-40mg。,心血管外科手术,主动脉瓣膜置换术,介入治疗科,主要进行介入治疗手术，如血管内介入手术、癌症介入治疗等,CT引导下穿刺、血管造影仪、介入治疗仪等,主任医师、副主任医师、医师、技师、护士,白细胞计数（WBC）,心脏瓣膜手术,心脏瓣膜手术是一种治疗心脏瓣膜疾病的手术方法，通常需要重复访问医院和医生进行检查和治疗。,切口剪,子宫内膜异位症,盆腔,电钻、吸氧机、手术剪刀,自费和医保结合,好转,未婚,离职,神道教,静脉麻醉,轻度疼痛,Rh阴性,已过期,剖腹产,乳腺X线摄影,臀先露,肺功能受损,咳痰,忌烟酒、注意饮食素质和卫生干净、控制脂肪等药物的摄入、摄生保健等。
09月23日,1993年09月23日 11:47:50,1985,三月,中华人民共和国,浙江省,山西省长春县魏都巢湖路3997号,方欣,Female,522725194002182045,8613291011937,0917500634,党员,汉族,非全日制高职,祖鲁语,晖来计算机网络有限公司,锅炉工程师,8becfe64-ed02-4b02-ae95-0128eb65b771,lifang@189.net,7061b2b8325e8388ef0fc46042f718e54fde8eb7037e97666741de108278d7b9,yongchao.net,90.199.12.211,81fd:22fb:da43:b64:b1c8:90f7:ae99:1f39,4d:36:a7:80:0c:8e,https://placekitten.com/526/568,gaoshulan,黑M XM1PR,6011460420045692,江南农村商业银行,21533345-1,92640522228070224B,云南党史研究室,白求恩国际和平医院,山西省政法管理干部学院,K9933292998,T15026954,QSD071606142050,D11834849,220501GX5JGKW76,200246875532224002860777472,110630203637273,410900100013794,LEWWDB332KN231479,119411436209,J2441656004741,6222890776897800192,装字第5901448号,冀交运管许可曲字130634733750号,军密认字第5087号,布洛芬,非处方药,片剂,缓解轻度至中度疼痛和发热等,口服,成人：一次1-2片，每日3-4次。,眼科手术,白内障手术,烧伤科,为烧伤患者提供全面的救治和康复服务,体外循环设备、烧伤整形康复系统、神经电生理检测系统等,主任医师、副主任医师、医师、护士,总胆固醇,心脏超声,心脏超声是通过超声波技术来检查人体心脏和血管的一种无创性检查方法。,导管,胃炎,消化系统,腔镜、切针、侧切钳,医疗救助,建议隔离,复婚,在职,卡巴拉,表面麻醉,麻痹,AB型,已过期,产瘤助产,乳腺活检,足先露,尿蛋白阳性,发热,按时、按量使用抗结核药，密切监测用药效果，注意肺结核菌的扩散和感染。定期检查肝功能、血常规；保证充足的营养、调整饮食。
一九七零年一十二月,12/08 19:55:13,一九八七年,December,中国,河南省,云南省林县大兴刘路L座,严秀英,女性,522623197702070883,139 1714 6304,04215562753,共青团员,汉族,普通小学,劳动教育,黄石金承科技有限公司,可靠度工程师,adc6cb1d-c85a-11ed-ae02-f4b5204be593,li29@gmail.org,eccddabf7d3e6747dbf96508936f9c29,fu.cn,44.0.244.89,1f76:339d:ea3c:dae9:aef5:2b0e:f548:745a,37:33:9e:ec:ac:14,https://www.jiefu.cn/,wangyong,川S 9J7BM8,2286795804345466,海门农村商业银行,MXRQ5BH9-2,525227283UPQHUG58K,湖南省组织部,无锡市新区新安街道社区卫生服务中心,贵州电子信息职业技术学院,Y4025728100,T40785517,QBK636845706728,D28329926,230183BAC7BQWXX,200832005510321985772584960,130410304391818,410900100013263,LEWWDB332KN231933,157559926209,J8944408540092,6225182614985709568,北字第7026208号,晋交运管许可石字142328730912号,军密认字第4615号,低分子肝素钙注射液,处方药,注射剂,治疗静脉血栓、肺栓塞、心肌梗死等,皮下注射或静脉注射,剂量因病而异。,骨科手术,股骨截骨重建术,骨科,主要进行各种骨科手术和骨折等的治疗，如关节置换、骨折复位等,X线设备、骨科手术器械、脊柱脊髓检查仪等,主任医师、副主任医师、医师、技师、护士,D-二聚体（D-D）,喉部镜检查,采用内窥镜进入喉部进行检查，了解喉部疾病情况,手术器械盒,心脏杂音,心脏系统,吸氧机、硬膜钳、显微镜,医疗救助,恶化,离异,离职,伊斯兰教,表面麻醉,中度疼痛,AB型,已过期,自然分娩,乳房超声,横位,心电图异常,多毛,控制饮食，避免吃太热致、刺激性的食物。加强康复锻炼，用药时间不宜过长也不要频繁换药。
1972-1-31,13时8分51秒,1972年,四月,圣赫勒拿,湖北,新疆维吾尔自治区广州县淄川辛集路3237号,王玉,女,340000197701148682,+86159-1605-1051,0314 9221 775,团员,汉族,自考,国际组织与全球治理,易动力信息有限公司,培训策划,98136b0e-c85a-11ed-b127-f4b5204be593,tianxia@yahoo.com,cc8c34068baadc09318984ad01b3b3bcd9ccbc4ee1002115cb97283985eb636b,deng.cn,74.119.133.120,11df:fdc6:6fde:83b5:6ea4:28ea:a1a0:9245,98:96:ea:e9:e7:4d,https://dummyimage.com/998x295,zl,苏M XPHM05,4195964071645255976,蒙特利尔银行,76888284-8,913306816001487546,江西南昌派出所,衡阳医学院第二附属医院,延边职业技术学院,W6617024937,T64370930,KAJ558415631378,D41834360,411601CQ27JGAC1,20163165241100120060918674X,143362127279406,410900100013842,LEWWDB332KN231759,122853373209,J8021992433787,5049239441758680064,济字第1264726号,黑交运管许可绥字231081365224号,军密认字第6446号,左西替利,处方药,片剂,治疗轻至中度疼痛、炎症等,口服,成人：一次1片，每日2次。,脑外科手术,脑深部电刺激术,消化内科,专门治疗消化系统疾病，如胃病、肝病、胆道疾病等,内窥镜、口腔肠镜、纳米洗胃机等,主任医师、副主任医师、医师、护士,葡萄糖,淋巴结活检,淋巴结活检是一种通过取得淋巴组织样本来检查血液相关疾病的医学检查方法。,气管入手术钳,哮喘,呼吸系统,电钻、显微镜、血压计,医疗补助,待定,未婚,退休,泛神论,脊麻醉,轻度疼痛,O型,未开封,剖腹产,乳腺X线摄影,臀先露,肝功能异常,恶心,戒烟、减少空气污染、运动锻炼、使用药物（如吸入性支气管扩张剂、口服或吸入性类固醇等）等。
